V1,V2,V3,V4,V5,V6,V7,V8,V9,V10,V11,V12,V13,V14,V15,V16,V17,V18,V19,V20,V21,V22,V23,V24,V25,V26,V27,V28,Amount_scaled,Time_scaled,Class
-0.674466064578314,1.40810501967799,-1.11062205357093,-1.32836577843066,1.38899603254837,-1.30843906707795,1.88587890268717,-0.614232966299775,0.311652212453101,0.65075700363522,-0.857784661547805,-0.229961445775592,-0.19981700479103,0.266371326329879,-0.0465441684754424,-0.741398089749789,-0.605616644106022,-0.39256818789208,-0.162648311024695,0.394321820843914,0.0800842396026648,0.810033595602455,-0.224327230436412,0.707899237446867,-0.13583702273753,0.0451021964988772,0.533837219064273,0.291319252625364,-0.2612734105062506,1.3886887953406681,0
-2.82981594327279,-2.76514921229269,2.53779295063997,-1.07458042259191,2.84255889292598,-2.15353644367205,-1.79551885720369,-0.250020372324704,3.07350426338358,-1.00041794567463,1.85084176033081,-1.54977887088034,1.25233673695303,0.963974373307274,-0.481027223791626,-0.14731917203129,-0.209328171581066,1.05889790297841,0.397056508186649,-0.515764693656115,-0.295554564490287,0.109304966698836,-0.81327196874425,0.0429955726118499,-0.0276596849389052,-0.910247054904536,0.110801759066737,-0.511938134872381,-0.3058520715686588,-1.5786464111924434,0
-3.5764948264458,2.31842150813501,1.30698532958812,3.26366492235553,1.12781840881043,2.86524613735822,1.44412464888046,-0.718921833851611,1.87404570858999,7.39849078334508,2.08114562393643,-0.0641447523642622,0.577555888776233,-2.43020141181235,1.50599327416251,-1.23794088792793,-0.390404663248005,-1.23180425893991,0.0987384558351899,2.03478558572906,-1.06015143656451,0.0168672508446993,-0.132058215693801,-1.48399578398146,-0.296010935476064,0.0628225484481408,0.552411113771332,0.509763550465719,-0.0490949761939633,-0.13662085210150823,0
2.06038602369961,-0.0153821840535667,-1.08254445528442,0.386018735959187,-0.0243313557043515,-1.07493505306921,0.207792456907117,-0.338140264774688,0.455091384908009,0.0478593568044114,-0.6524967285272,0.750829191563632,0.665602707738606,0.158607895136616,0.0273483568602367,-0.171172944373679,-0.291228494110406,-1.00853077568381,0.0970397391601246,-0.192024402428361,-0.281683944533933,-0.639425770212503,0.33181821103643,-0.0675835618561429,-0.283675034534055,0.203528627422195,-0.0636213125295059,-0.0600770704321883,-0.349271287634825,0.98804073845806,0
1.20996468554511,1.38430342323226,-1.34353100599909,1.76363610041007,0.662351458967687,-2.11338359103366,0.854039020246687,-0.475963479097682,-0.629658040804083,-1.57965414333189,1.46257273298626,0.208823425520634,0.734537254584867,-3.53862482184019,0.926076313160626,0.835029481838533,2.84593713813846,1.04094749392959,-1.04526278617555,0.0090831301297973,-0.164014955157219,-0.328293910163019,-0.154631256136919,0.619449278998262,0.818998197707171,-0.330525291168213,0.0468835486041235,0.104526723913722,-0.34723226367591664,-1.1807780002421648,0
-0.345588490593883,1.07032846248933,-0.652790468621253,-0.492207094151334,0.749481590445326,-0.949391186684146,0.752519823911826,0.0790953111790632,0.0612689883430686,-0.720452981061408,-0.759578566038094,-0.221885156833735,-0.320509196588359,-0.868272377846938,-0.193900760946226,0.367946253313217,0.460216687594694,-0.17901162269159,-0.236399137175352,-0.0521756013439961,-0.335296186376867,-0.843460250198755,0.187468848224455,0.618295216375472,-0.438011591707577,0.0734629149810957,-0.196699978717074,-0.211518292731342,-0.3172865980833214,1.2028315605017161,0
-0.864273061334064,0.361411723947719,-0.346667464300711,-1.93822744166095,-1.06583891320626,-1.0562020538571,-0.0935903126370582,0.0956473292047497,-2.78253093921846,1.24698082131075,-0.944344999464502,-0.951620426493515,0.723908501308132,0.265946478826203,0.330832666301772,-1.03260616243549,1.04378048946347,-0.222060334336493,0.884583697530703,-0.538946017036941,-0.173419508674993,-0.162751126664795,0.119505378299748,-0.0336468611423023,-0.488659620539679,-0.234981884004753,-0.578365053235722,-0.225400343414771,-0.14532891088204986,1.3541959162713046,0
-1.67900001322684,0.0047237895220157,2.09310011086487,-0.209994295861917,1.11212332703426,-1.25406041252964,0.19384609263207,-0.0108595068055654,-0.56836143232749,-0.671676045300681,0.187415265298558,0.585710171352432,0.673995434578281,0.02247982075214,0.705223616700546,0.0152754679622904,-0.258772249495751,-1.06968038089264,-1.03258778077936,-0.0456572568850009,-0.123806080665791,-0.540965793575783,-0.0566410124674699,0.409962872153622,0.137481852633072,0.0131125827063348,-0.143777659794382,0.18456533531556,-0.3388762635305863,-1.1193941525698845,0
-0.806445109215778,0.865983033911859,1.1058978963767,1.38395711061554,-0.0181096506759159,0.140881855767365,0.124651390356282,0.603671690140999,-0.853073793202424,-0.336417751500108,1.12927017797076,1.25416345714198,0.112649535358839,0.534606975006187,-0.601421237047446,-0.961351613524528,0.593230431486367,-0.227612218123273,0.93207779829651,-0.0012839172222508,0.173074168949448,0.494319395072808,-0.0029719567279695,0.258954774217262,-0.367383611256651,-0.308235577659209,0.0835896824074857,0.059611648520242,-0.24160282643207584,-0.8973172889157278,0
1.16964645715763,-0.82392350729076,0.467031398499679,-0.840968282628155,-0.850687772153643,0.0621386199828532,-0.70509665520298,0.0940035261239857,-1.02070179781274,0.67604234695528,1.52229633657587,0.413357411104551,0.752993665017979,-0.112641553365475,0.432857142019962,1.30117774857474,0.0485071192170804,-1.32414253356045,0.546796240886531,0.275094447104079,0.10708427411147,0.0307345472423294,-0.0050308341919598,-0.291176166522892,0.17115567900674,-0.390047696494084,0.017274377864848,0.0237285898054645,0.027588317005766715,-0.89986529768703,0
-3.50259973160147,2.73056873430709,-0.962733364661076,1.4961900264084,-7.25169955435301,6.70251138827312,0.643727904947981,-10.5198637587747,-1.66053913513345,-3.25169880153788,0.779232621649124,2.05674468195772,-0.0249726430979263,1.25703516939234,-0.7157712564305,0.608755573287664,0.828828944245735,0.116018542561029,0.351047455075365,1.46748458112319,-5.58972999653834,1.87646718588776,0.478593214610877,0.0844821752489962,-0.0272549375361419,-0.240760702451778,1.15042417573317,-0.291471365444144,4.534351017398449,-0.7370454314084467,0
-0.518531288578761,1.06280614391014,2.05348997129973,3.15043138803388,-1.12905792453936,0.596819014328207,1.80955055112231,-0.590832809914546,-0.155819381417585,0.363695601591458,1.0453951255005,-2.38991393054645,2.96385534357722,1.14905511457563,0.564458191400137,0.0200999354367718,0.521187542937987,0.081554181022104,0.426329861370316,0.24392034240278,-0.261910254518144,-0.26703346399554,0.369732091140532,0.646017879527963,-0.755771145489159,-0.184249219432514,-0.0109723420414269,-0.136224237068181,0.8534729820875302,-1.519747398520276,0
-0.845180517810964,-0.305078249005073,1.53849844456183,-2.53716371264125,-1.33405440841393,-0.27917108031431,-0.646422008625488,0.579478546093692,-2.74674658082809,0.559118237185846,1.26595943391263,-0.0826865905625237,0.413214435605846,0.0186701277313738,-0.503165514694426,-0.0145512787968947,0.380155310810561,0.0248696026460155,-1.08321151285968,-0.379485514266694,-0.100286364348596,-0.250367885090485,0.229402373969608,0.148240241849461,-0.472171097128336,-0.61314976963623,0.0026536419531144,0.0457029998649884,-0.12861691059138922,-0.7521439627226919,0
-0.217565822345866,0.725638678577699,0.10324887841386,-0.783147919665343,0.783758785381339,-0.527088446974651,0.877936153172097,-0.0639798787750966,-0.250704763983984,-0.144301139545222,0.530910134669875,0.888677840327712,0.329301493830057,0.185800082070813,-1.04615380407358,0.13992906625851,-0.777910170784962,-0.254703741507066,0.297737395930152,-0.0379545070215055,-0.21876745027044,-0.469241399633308,0.148497680053203,-0.46727736238094,-0.448610866067683,0.142432946625958,0.132624758032626,0.0646919310696704,-0.3349981199224665,0.7383358788704446,0
1.17425942515572,0.141328830408029,0.502185367563907,0.456085972779163,-0.24699961533354,-0.20011979528881,-0.128111761590798,0.087957713692329,-0.197632342932684,0.06302763330767,1.67918702904889,1.07013607304465,0.0748204319490693,0.49120343550714,0.598387701936057,0.213686902693732,-0.388284473403551,-0.478584600521484,-0.186154350469082,-0.122606782391896,-0.179804762762892,-0.529042480380182,0.154957069207086,0.0089409656014505,0.110163467313817,0.107407872087038,-0.0172833221439535,0.0051181456077015,-0.3460728186796746,-0.6558460775064526,0
2.03179450670163,-0.0848358967677019,-0.901200807360311,0.521765773942204,-0.405613225153327,-1.47021548342344,0.151457277887861,-0.326493175503051,0.607469985660838,0.0909979386318455,-0.470760535806614,0.244604040690503,-0.636288858702559,0.425441318170172,0.0779322753037103,-0.198779203475217,-0.0989480530834972,-0.930327570682743,-0.0086529712594715,-0.277839869874327,-0.26863039638403,-0.672831930744305,0.399705214599021,0.44261772682542,-0.375932844320231,0.171862702952053,-0.0743108864476974,-0.0569734148203153,-0.34531318230282637,1.2473269533427207,0
1.08093017297296,-1.76077817148477,0.0535200476052881,-1.32643587969768,-1.47024349643185,-0.337934288577373,-0.701172161802018,-0.247049443485396,-1.82883279895537,1.28514595656035,-1.07070754143121,-0.704175952275686,1.53138385665148,-0.541966816783228,0.723445245450627,-0.0008083285368754,0.0946287434855938,0.243743853461812,-0.057242687916272,0.265232465981574,-0.147678325005354,-0.572572791706031,-0.237727877005577,-0.456870808085435,0.298699561427784,-0.258732675167413,-0.0016970141237063,0.0636333355026347,0.7022653622327968,-0.971630701758087,0
1.20191241607189,0.0373059641167434,0.936912755549363,0.221366547481515,-0.808740376126824,-0.82302786416744,-0.374642759497115,-0.134744724117469,1.66413700783208,-0.62423476674571,1.39221357821857,-2.10661151993463,1.496869453981,1.65715754398862,0.744183496639887,-0.0638099929734146,0.850137447778417,-0.749047999180162,-0.733704732655394,-0.164714084046932,-0.222479138261187,-0.359795780891391,0.204074972750526,0.59108705383307,-0.0558453053769865,0.863413501238985,-0.0815836031004644,0.0048748015077038,-0.33723704819107175,-1.7620609268787422,0
-0.913467681639661,-0.525735058062779,0.733373305182915,-0.708056089729501,2.15383896146043,3.70395211456054,-0.800503781998011,1.04717341199802,-1.72492932678046,0.512972945749964,-0.522120284951377,-0.655960140704855,0.401088142241729,0.0719779917204247,1.50583216651079,-1.10712744270575,-0.548272271679248,2.28239781028653,-0.130787537765021,0.0764386083115247,-0.154053710937856,-0.397840008285141,-0.0361439039607885,0.956064445838504,0.428332076136505,-0.152400362685019,0.0871102477605695,0.101400087532809,-0.07736144558510462,-0.41593315245318047,0
2.04728594752924,0.420400428386062,-2.68339955334532,0.494862166089727,0.864165239910551,-1.01266736440224,0.158856783505727,-0.121119238372865,0.485265831098764,-1.0012845474345,1.07794796916869,-0.425118205085363,-1.22348066738494,-2.12878498237469,0.607139808766865,1.18124688090425,1.37966639927835,2.06855020305618,-0.195888988115159,-0.20483722895874,0.0925303227845893,0.384389579538033,-0.129039807633986,-1.0497106172628,0.268698922988809,-0.0653120893215126,0.0103945782773783,-0.0130025845714006,-0.3492313067728856,1.0316095826549545,0
-0.570222405035101,0.88000964806519,1.30389791423878,1.34988621281405,-0.376362036619249,0.989911333215953,1.13887478574818,0.0265607560915204,-1.13664545825754,0.103168414529048,1.36509794481772,0.706655821520774,0.675927188111373,0.373984225523363,1.27337361211149,-0.469954279853131,-0.0283656877113042,0.303074966848579,1.41723460785856,0.193228915929529,0.0988124347873461,0.350825937555124,-0.0243142670947809,-0.283476112149119,-0.222097940909514,-0.216191635091699,0.113386685990757,0.0841438422212808,0.39621186408684617,-1.148769956172914,0
0.141697404591419,0.963428202509773,-1.21739646876749,-0.271565355481081,0.659670806325262,-0.749268072397589,1.13774950502031,-0.307995232921549,0.369440018309243,-0.515709050482286,-1.16155104353912,-0.680418213661204,-0.275307883228802,-0.919404864346658,0.872654680038878,0.26949657945796,0.190360640036863,0.858733087782369,-0.04856386584236,-0.110936661745764,0.187906285565125,0.802671346317814,-0.132888945355971,-0.854354272236334,-0.15606542213202,-0.101915011275422,0.0950127311833649,0.0242994136489911,-0.07336335939116667,1.3078053102946208,0
-0.378832765607958,0.506437763469097,1.75200648837456,-0.629225420591902,-0.0477675578847383,-0.437518808593064,0.510638394132969,-0.150406993904125,0.591277007775037,-0.408217252393256,-1.06679366126607,-0.0455620812625736,0.150379321402274,-0.616457352092593,-0.0438989182147421,0.168719983704075,-0.661871006840321,0.105692569373653,-0.37025559324796,0.134073501534501,0.15237189803478,0.868597240266296,-0.241705731328465,0.107248167645716,-0.347748998949486,0.520695612794977,0.205767262478772,-0.0014318238892479,-0.3072514017365371,-0.14588633854260713,0
-0.262139710024709,0.835490639801655,1.16524167900556,-0.495381347376546,0.739069606518504,0.216780724697194,0.721123685996478,-0.0124788651940847,-0.311847437230837,0.0927961797245336,0.0590257028666629,-0.258218487891028,-0.517124689276531,0.182694364410766,0.351006275515346,0.739480584072534,-1.20299060228098,0.640889405090387,0.824744533868383,0.174997972466401,-0.326455451809192,-0.76132253024764,-0.238962791804641,-1.06775875409752,-0.0930399055443973,0.111963749432237,0.0925615988154493,-0.127638472821857,-0.34967109625421877,-0.6765039006853573,0
1.16345219509932,-0.483299199283672,0.120790985576522,0.351696369692894,1.20884013709545,4.40818204561811,-1.54201378450321,1.22928121059718,1.07853791359389,-0.129561966391614,-0.73502257826133,0.281388222814244,0.0448475582761646,-0.522299866678232,0.337376167441106,0.57809478369821,-0.810224016786084,0.783527785157989,-0.0678185627045373,0.0069578758513424,0.124653561764661,0.47632080779962,-0.150773291567451,1.03721280417946,0.622416230745763,-0.159394624467607,0.0986771497130697,0.0371690906216274,-0.2932581000577542,-0.49974368889766596,0
-1.9523882302556,-1.14498793482795,2.05928031313903,0.876253476904885,1.82576975319856,-2.06292072523627,-0.79337605389476,0.108856179252079,-0.522050508097435,-0.240740447729533,-0.420136595343462,-0.204865110594705,-0.277665336544065,0.402294405389366,1.40773792787546,-0.101118807188304,-0.0417501221795796,-0.14459104830375,0.795284396300593,0.598367136493539,-0.0352472637294854,-0.786390867497472,0.250227890959237,0.362295854993885,0.110028294706156,0.230270673714533,-0.0491130224778484,0.114116268982913,-0.34967109625421877,-1.0724981564236864,0
-2.95499049012889,2.68410425005576,-1.13449907215261,-2.85449877788819,-0.363086497459076,-1.27327681698651,0.148249526069554,1.20253311436386,0.330774066386747,0.0931657780890232,0.417195105444272,1.72853876152734,0.943680308788448,0.68784277870715,-1.30851341064779,0.735574173984197,-0.739492039534762,-0.361906172737123,-0.616914268253045,0.430990841828035,-0.287141106446696,-0.776631375976518,0.0387657242263006,-0.328239915175295,0.332496816777865,0.40210572856974,0.480716300643261,0.331374596329056,-0.3492313067728856,-0.14839223146644978,0
0.0092146770904783,0.924359093835056,-0.127236550934019,-0.730335580198045,1.16149224258873,-0.557960041043355,1.26470667199804,-0.400688387615941,0.176275928821266,0.0674127035557938,1.32417791068584,0.427203603835702,-0.181981762717656,-1.29334883723358,-0.866120011127175,0.307743143953351,-0.0524710812631247,0.17163849932673,-0.009915694675342,0.301106110364917,-0.414487527154583,-0.672423199867621,0.0499471003824026,0.656514645051493,-0.46600706460025,0.0348752113146314,-0.003115097938169,-0.301959084825108,-0.30529233950150747,1.2426099784272522,0
2.06944035538419,-1.78568143541563,-1.25759309219798,-1.94989000811197,-0.375839670412459,1.62116409534595,-1.5186961976505,0.461051408037598,-1.29008060988851,1.57451604181716,0.631021169353171,-0.25096729834398,0.16671792991286,-0.205572517243003,0.0689908256593026,-0.929961430713605,0.790363680623631,-0.593159487783195,-0.708598185287704,-0.381700022217938,-0.0481090834074501,0.294050513162937,0.233202771755833,-0.970946205390876,-0.415818168104445,-0.101197240083435,0.0494285830641493,-0.0585939363003168,-0.07824102454777097,1.3535852364831413,0
0.189920480595365,0.420672038883111,1.63603379585911,0.48444613660507,-0.768145067757689,-0.553820812683381,-0.0436120594630509,-0.124163851678101,1.69383905071214,-0.739990656175765,0.467606403924827,-1.92005258429215,2.28284535250649,0.91585125514114,-0.731202877098904,-0.459974740809111,0.944073194728325,0.0198880602276773,0.474262372789364,0.0158795994763393,0.103504918809381,0.81842525308834,0.181060311559906,0.781832312650581,-1.30687002707821,0.953245227548651,0.131520546441304,0.165960319868446,-0.25327723811837466,-1.715796668444437,0
1.99026532711964,0.499490129397067,-2.32434847540861,0.679322045631899,0.535990381735579,-1.46202913858317,0.229915933415723,-0.218390327605984,0.309603849604895,-1.02568151683647,1.9442220759165,0.264925041985659,-0.576818680598878,-2.23692263194421,0.46066296275134,0.905654355600174,1.63187518885757,1.70477977387801,-0.509499280528989,-0.180731769733909,0.155390290783918,0.599711563486672,-0.037411569030382,-0.208892642501447,0.18626774386857,-0.118681093246756,0.0166305076975709,-0.0030112747678016,-0.3492313067728856,0.6957356991651195,0
-1.43244574195346,2.13788418773853,-0.1143713614343,0.767429746153136,-0.271754388477499,0.106841360857036,-1.09172730459366,-1.8978020725871,-1.16358777212347,-1.04776000238371,-1.61289671988902,0.291244571668831,0.313816394815424,1.2479345344136,0.888363268468506,0.299515726747757,-0.0365550718331025,0.462661826527404,0.575293677307449,0.42425141309269,-1.04806571025985,0.756835323469596,0.0507853557815085,-0.466891513757116,-0.174383155383451,-0.308249595782498,-0.249441181954148,0.0668408420640715,-0.34723226367591664,-1.21788206185402,0
-1.40871726564008,0.509925275970831,1.54452904590059,-0.116656433555041,0.117062928428978,-0.606433636879086,0.105994625285335,0.485202133259947,-0.151864345370997,-1.18303678305631,-1.51603459941748,0.0675453066170189,-0.321135716907484,0.0409891370864421,-0.906255428075739,-0.001388160805693,-0.0383078940056752,-0.259646497070855,-0.114519812922672,-0.0705456494891662,0.0229271927981021,-0.104521708158596,-0.383563121572797,0.0855028227626377,0.645751109382727,0.384093563573517,-0.116978161066496,-0.0914463851989124,-0.313248531027444,-1.141610262104792,0
0.220868428588961,0.995883165971788,-0.826273248221293,-0.775664995778849,1.37739322567162,-0.275782969498415,0.927075282895319,-0.0295039889392551,0.0667178362310302,-0.822199940823063,-1.63780767428358,-0.606049117181341,-0.115236984218883,-1.01850527027347,-0.133586799269671,0.637427540785058,0.0189049887516917,0.146618090904782,0.151527561291538,0.0274160986301726,-0.412329565623253,-1.04349746783333,-0.0300725642463705,-0.42826119071524,-0.298157084684884,0.175413226888259,0.219880853406382,0.0733970579348561,-0.349271287634825,0.641343082171123,0
2.37039484606624,-1.42686913679727,-0.993326105877847,-1.6898930063929,-1.13369426163916,-0.341614065624291,-1.30558636417978,-0.12812198331818,-0.892906741028601,1.57437064021998,-2.02739999519404,-1.34114452748407,0.195665496239296,-0.521650304050146,0.0500582515045671,-0.120687457122361,0.0911810694988246,0.397453346691553,0.177291402974271,-0.454465092144081,-0.223426531006102,-0.0993260829005241,0.146122520883399,-1.03610599096313,-0.156116689080482,-0.111184415475054,0.0244409618611629,-0.0576643993431273,-0.3324393447583462,1.368915404958414,0
2.01799794359969,-0.1204761349896,-2.08903431998443,0.470744745304039,0.318275362603567,-1.54264377672605,0.743594104864602,-0.494122305060539,0.572444542411874,0.0138592957661299,-1.19709299349231,-0.373581915224815,-1.46285592813744,0.917169659567947,-0.0504968748920881,-0.784009532439787,-0.0789749067068962,-0.357220980659181,0.208350026848591,-0.252633785701433,0.137164829645963,0.462840122519938,-0.123128632532642,-0.0926068210269397,0.518174030597961,-0.0621984304793029,-0.0706095771591976,-0.0701176774680049,-0.14181059503138446,0.386015756947659,0
-2.32216922339777,-1.94424897135438,-1.82871792244346,0.176414755279405,2.43889862055244,-0.911583640642327,-0.584219238176576,0.524886059208084,0.658373044347668,-1.5092530133588,-0.322194100658799,0.648119826353818,0.0324372934474215,-1.18583268336674,0.128556990807602,-0.634310781234019,1.97424926756901,-1.16663979899844,-1.30339160998567,-0.537358006205236,0.0792770832035524,0.33359121739981,-0.468958812197716,-1.13410577702168,-2.38563677023582,-0.374697496813484,0.702603379979375,-0.437054707522849,0.02015187668504212,1.5520772255599553,0
1.91614477051998,-0.388590962026943,-3.0928981251305,-0.625330172717648,2.49064366702858,3.23228142424976,-0.469560120544433,0.820290428005456,0.875444504617835,-0.839471070235771,0.269744284881262,0.292838210532446,-0.36207963114139,-1.22489727595086,0.300645775438247,-0.0859291852411069,1.00013794873278,-0.0934222521061798,-0.0154418003890162,-0.0158112682243385,-0.220614282785073,-0.597816461285782,0.185036835154725,0.586704036393525,-0.0466556441286478,-0.0726512107336868,0.0032134981478322,-0.0196983211100112,-0.12493867129296629,0.8351602121799281,0
-0.0820361780436295,0.263135101401021,0.889722550798769,-1.07107966951274,0.846257162499673,0.528775732567848,0.761154750167437,-0.118491593851205,0.450257671829903,-0.727536096195304,-1.62539012900642,0.568967637437103,1.44706683698976,-0.833784289687883,-0.587348258166735,0.0427621011738354,-0.722492528038939,-0.903639548924676,-0.0893928050466484,0.077749387972418,-0.273646428531852,-0.455980551106909,0.162532903993121,-1.28339541265024,-1.22900371663921,0.253359149913304,0.0201756534503839,-0.0046248482770755,-0.18183143783270342,-0.4318529427928868,0
1.22902270618954,0.149289074291868,0.150783416924013,0.839928544861557,-0.0232712830178275,-0.0470764144380301,-0.112786886939383,0.0449644689051384,0.0012631337577469,0.182898041721209,0.44465515810431,0.37677183515207,-0.293280658523793,0.490153502446088,0.409389306887778,0.602067722734707,-1.00637827355338,0.896533892435359,0.111836209968615,-0.108316418294598,0.16298555319246,0.476410044364154,-0.277722379850908,-0.488231868660915,0.784124925739884,-0.173860299074941,0.0168066769952198,0.0045630868562067,-0.29997488486356993,-0.34924270800099816,0
1.06563972992956,-0.635330255429803,1.03903734174416,0.253874873776026,-1.14851914317311,0.0734328083789492,-0.719698687106499,0.228050470199898,1.3308784200189,-0.494316965630175,-0.722673503279737,0.189770418972144,-0.928918526423032,-0.33725472176344,0.0527118619136477,-0.364814013930761,0.476510603177342,-0.96902542219081,0.0957965251764503,-0.0599324912572403,-0.184444567818295,-0.397885899374925,0.073811422465177,0.126471243533048,0.0135081125664539,0.969782325746024,-0.0329347846359544,0.0181420499789109,-0.10862647962169944,-1.0642434503216165,0
1.36752094032788,-0.462780172701016,0.069514266738249,-0.566369431717459,-0.983095119486155,-1.3042642035672,-0.162768968111668,-0.258053508434946,-0.90498796441409,0.705172213519628,-0.621705199536023,-0.789693189581875,-1.1190456730964,0.563375518566907,0.858629603390731,-1.31815670089837,0.137941939007459,0.513399373311906,-0.479414019207969,-0.527944816611744,-0.808992497146181,-2.03433156276203,0.288586747356105,0.311622571713033,-0.0673129014569344,0.626694648204764,-0.0885405827375878,0.0092012204779485,-0.23456619473074503,-0.8998231818395704,0
0.0500894519927209,0.91666511906288,0.310790301398797,-0.590648255376048,0.450656816555184,-1.11635588063363,1.04945676345025,-0.239927811931349,-0.129460087314466,-0.426579921270088,-0.82337633824544,0.437642765856066,0.566927514342868,0.0012676099905002,-0.465555720585258,-0.122223903122744,-0.437269695925762,-0.82062108150621,-0.0907475215623036,-0.0076796228414641,-0.254788668066725,-0.523535438724771,0.0597581256321633,0.0548873978526272,-0.472352057126236,0.135907156542552,0.251518863047999,0.0984970861333384,-0.346112799541614,0.4775334934772404,0
-3.23576287875895,2.0620563550153,-0.619894860661706,-0.511274518648732,-0.255530944225737,0.555361315157472,-0.367580257871576,1.53726309492045,-0.0020595972302117,-0.679892977119866,-0.934007278436287,0.0746453914483399,-1.43022726257174,1.32226887163377,0.917097262309068,-1.23404187740506,1.43383826059916,-1.6795170751606,-0.369414940528336,-0.7394423343964,-0.0207981026425729,-0.391744086317818,0.0215641140308288,-1.09145274499927,0.466264623984385,-0.328879520487432,-1.40914951544932,-0.333015275178715,-0.2727479178828525,1.2649524355045383,0
1.95642133042896,-1.07101549026748,-1.47849258918478,-0.619889364940978,-0.674107924685323,-0.506323059317364,-0.842456501937087,-0.05002094708351,0.164034582479724,0.0451693656234496,-0.746536422562265,-1.26253958523666,-0.419144458237434,-1.9782645368401,0.48596985602073,1.82693566183589,1.28282773574598,-0.210171725735149,0.298296930946191,0.251311870467881,0.272184295310838,0.558448639750678,0.0128995190698996,0.360776550305829,-0.153857563135653,-0.114469733722746,-0.0016690881454767,0.0103834509205612,0.1625237260511727,0.7959714161188257,0
-0.327796794441089,0.744101373259928,1.16300681544002,-0.974256190812428,0.597007454612997,-0.260631959543831,0.662037152078631,-0.0751142593903565,0.56105757180393,-1.37336394865615,-0.859889295798649,-0.757479405957871,-0.843972417930363,-1.46709458901891,0.582360620552743,0.620996797505068,0.224705289398231,0.594377280785646,-0.146222815034736,-0.0203426299473864,-0.284029054298913,-0.654656765810038,-0.129957211134187,0.425192732787881,-0.336246257340189,-0.325621081842541,-0.0404400299695354,-0.055844454160178,-0.3384364740492531,1.0842543919793801,0
2.05098623882988,-1.72241656055374,0.639236600985697,-0.398921720044173,-2.07727354355714,0.754358947890837,-2.24247966204034,0.504373229145733,1.90052984183279,0.409193153082381,-2.05960940188854,-0.961391337705054,-1.63423473033663,-1.40517067931402,-1.56759851943418,0.814281383803295,0.785968809023797,-0.855965288798838,0.930778793064187,-0.131437033778201,0.261844070126361,1.1171393186798,0.1696927155373,0.76386927802554,-0.277111591302941,-0.0057752976667488,0.0776238761010437,-0.0293423365326495,-0.2942576216062387,0.6348782995860835,0
1.70508440224115,0.162441241839367,-1.81342788725017,3.46587719543753,1.11203329803077,0.333637638402404,0.661590855751479,-0.0279917284763173,-1.45240581092667,1.70965471716471,-0.187044681142222,-0.744738685282573,-1.57290431012227,1.15176857332284,-0.993345465479328,1.15137406861933,-1.19481251440308,0.303861086144913,-1.00311174665194,-0.0449692412686918,0.0845039068130141,-0.265799969715436,-0.0306472877954634,0.0166653162078061,0.10237778208066,-0.0597986809566588,-0.119530333786143,-0.0459868624775004,0.2516410673140497,0.690281696919109,0
-0.385971617288001,0.162933649450152,0.19565337531036,-2.05125252063185,0.854351778450052,0.272791608073659,0.157858081485275,0.0532858752745973,-1.43341789878722,-0.380905730916134,0.4943394027587,-0.10565990709567,1.39085980243119,-1.86161801857635,-0.831344641837147,1.80822157220397,0.451657627291711,-0.114647886507835,1.07519636517651,0.26195063782013,0.0682084149082739,0.0943790256569272,-0.416087358990816,-0.353422110309573,0.994786535925639,-0.0636949750829104,-0.235617038482375,-0.0908326441240835,-0.2336866157680787,0.6738565164098882,0
-2.4819156804165,-0.0198792894736091,0.776380049358295,-2.03967958877821,-2.2114522814336,1.01888521210928,1.0727385071987,-3.87313052726401,-0.296687126831302,0.0224161101044053,-0.865747920400811,-0.688083614118592,-0.211148901402036,-0.864643295226094,-0.860917510326051,1.35668540054994,0.222384123163997,-1.85549007380255,0.314875993681464,-1.55057818193541,2.30951108018755,-1.82631313339939,-0.965026736954709,0.0968058011675843,0.316641610176534,-0.485333090751007,1.04835991393451,-0.424242541330133,2.0406247156535273,1.0168900939678451,0
-0.507778369503816,0.464412298574676,1.89981662130996,1.02846107519352,-0.368166805910672,-0.0949317081607048,0.239282994599372,0.144598402382304,-0.0457891181286153,-0.285281314492435,-1.3043728092664,-1.2112180668739,-2.0328718747539,0.299518500400671,0.92991738876189,-0.722098295732986,0.668309253706119,0.0250498019274572,2.25236844298951,0.186614836460386,-0.255093296565226,-0.754121444826241,-0.0827931715437968,0.0155269191320888,0.0099667915624377,0.598951268751681,0.032088365312696,0.0760555335324617,-0.18694898816094396,-1.3228979274943842,0
1.02840198571383,-0.403282950272488,-1.29895487867898,0.363736476754839,2.0665269528288,3.65060882623892,-0.277745620738782,0.817595467112424,0.158135400667767,-0.0749094795734492,-0.540591880995662,0.24113729991745,-0.2011389338177,0.219012061217364,-0.135861557776343,-0.0852605921689444,-0.507227132950698,-0.0514135239954523,0.324732693932845,0.208852103673234,-0.109751127328169,-0.544992772427602,-0.233782823457156,1.01611663376833,0.848555881799002,-0.339597773562978,0.0023635013184991,0.0336305065667488,0.16652181224511067,-0.5545574643662579,0
-0.601345120013712,0.363615720390507,0.422249688639045,-1.1021685847977,0.972817007559269,0.0251449590845459,0.781709835997345,0.128865412521249,-0.334063870006622,-0.445560780809857,0.451753314642125,0.853948293609569,0.429051241660148,0.0832609172854112,-1.06014946012355,-0.0347072060750717,-0.549441881661637,-0.371366160659246,-0.0449898093117313,0.192404694395283,0.0906631586890626,0.363351757762561,-0.0360478382229464,-0.748965806588303,-0.433043937002586,0.896262987190339,0.304887431678859,0.210884765623801,-0.15332508326992578,-0.9729362930293327,0
1.74224064050016,-0.393701112895931,-2.02171493977412,0.816727947720074,0.245362103790512,-1.51761577501295,0.888538072605003,-0.662646711756204,1.71863150540825,-0.44330360977229,0.0181682745224236,-2.43084950048942,0.911962482117214,2.2458545750025,-0.862853424088871,-0.8751660006163,0.672177502580175,-0.196918687681124,-0.103179017054017,0.0291548787887327,0.0895931098513547,0.292512596500455,-0.223301191222351,0.0303710568036208,0.448134281917547,-0.127784392612885,-0.11855988483981,-0.0491752570878008,0.41352357730659756,0.3335394110130716,0
-1.38405584366155,0.478425646804217,1.5400205555597,-1.38727689976511,-0.0706419538307607,-0.819190604988231,0.717327956238111,-0.133781468742956,0.357524346216884,0.293071349129928,1.29737045787661,0.357660826049452,-0.503934763078955,-0.128798355041685,-0.0386421389020544,0.738426117063739,-1.03740040399617,0.130694583058421,-0.430567995780062,0.211182095192327,-0.203194707304653,-0.144213068032985,-0.151489992610819,0.36362818072061,-0.310350286752199,0.691195972247212,0.391177224449181,0.0727966285736247,-0.03250291848912076,-0.40791008351213803,0
-1.16131369787359,-0.287604461326028,1.41544423211767,-0.396877338692424,0.695259666629461,5.6456195882662,-1.92419480719433,2.07963629603327,-0.10879289762074,-0.0961607509493147,-1.52666872536427,0.135550088789831,0.0265724073033159,-0.946546958429856,-0.965871081583179,-2.15786191856135,0.717520911409463,1.75040996953886,0.0587920112335353,-0.162243550707343,-0.212369144804129,0.130911112376476,-0.211138821391486,0.693450136932889,0.549517869978821,-0.129519321211906,0.345587868457763,0.0760934611730621,-0.15332508326992578,0.8237889333658522,0
-7.58536667847748,4.63027051403669,-1.79850677342805,0.94280092620602,-3.24561888458209,0.596110837003436,-2.2198221586135,2.50779563194464,3.40617331358511,4.39411909061409,-0.0107608037146546,1.23303868395994,-2.07925341929276,0.0254063045966261,-1.709763333139,-1.147360435997,1.74022785916191,-0.528301511793379,1.15717586566656,0.502408823270586,-0.365683478185309,-0.745755632284343,0.506285299113813,0.11724560259,0.19276962113301,-0.591036443951888,-1.25379622380795,0.826482510347467,-0.2982956886621161,-0.6280706761068857,0
1.92566458989806,-0.858835032907638,0.669022999093001,0.630316487266308,-1.54248437279002,0.159300549617292,-1.44328067901155,0.291864211756052,2.23980267995516,-0.198285853175305,-1.44304784539123,0.342716041307262,-0.433757550102076,-0.868631247933617,-0.367758866478339,0.221922405657918,-0.15836409709059,0.0515436169934509,-0.134874078902805,-0.251863120253043,0.123712156555699,0.770420842399281,0.228006568647587,0.0481359965644187,-0.497330518758975,0.696917657720088,0.0273598175928509,-0.0385412953605341,-0.3492313067728856,1.1342459029138545,0
-1.4592131432324,-3.92534771275246,-0.559035554545393,3.41450677950741,-1.63229978113412,0.682952192363978,1.43879313405224,-0.180085989714875,-0.821999203947613,0.220160702204886,0.793750136444388,0.413413656929199,0.166833164398682,0.584549224998353,0.274436401291669,1.41043421509649,-1.07962904541658,0.997438849414043,-1.23648969787511,2.61562488597978,0.9855224036466,-0.275250520454023,-1.29653520942855,0.0672083828498044,-0.0512451002940685,-0.0428280348367752,-0.246966491688863,0.250487781511316,5.052742873304444,-0.8569492491257583,0
-0.759581878580905,1.77332011705457,-1.28257547048266,0.791508952247265,1.04367546441746,0.46531828134471,-0.749991370810661,-5.62102574122428,-1.43010122857468,-0.498510996913693,0.541598487171138,0.423598926483185,-1.45109816452731,1.76654009728672,-0.450572189431612,-0.351634419670313,-0.231220126733416,0.558070909561514,0.512441084202975,1.11034432626841,-2.24593630411131,1.85712794092113,0.350689896944599,0.720334315552266,-1.02482727756763,-0.642034537484573,0.0947574812927023,0.0899553402017507,-0.22129254856687103,0.9188865169294945,0
1.99012495563867,-0.196218859846072,-0.158397177403298,0.546180967575316,-0.668479509385521,-0.728145006485968,-0.59354946086915,-0.122373855105682,2.71014604458131,-0.585029771932224,0.163403067616218,-2.34025256486887,1.0500848663879,1.64777047376952,0.448493107931446,0.164732169546989,0.170524027212332,0.278438294247306,-0.417824165644306,-0.337139134069615,-0.270326327406331,-0.418599981093457,0.379359028702217,-0.151898196130626,-0.428486910140282,-0.957451509043521,0.0312698181333902,-0.0351372071337904,-0.34475345023567505,0.22203770486393826,0
-0.889749733094372,0.490365141183292,1.62495489350895,0.291966337181435,-0.550551719238777,0.208452695630045,-0.430717658633892,0.750792704230877,-0.58096421524158,-0.457195602036645,1.30040148479457,0.832548431011199,0.213989161671425,0.485467338565813,1.01697958393516,0.316088319485561,-0.137602473712867,0.368466855712061,0.344652387765251,0.0819638437894353,0.291381377947186,0.581488901788651,0.146809300326073,0.057258787652908,-0.860132090090435,0.395681067883332,0.0339999653529665,0.0549031305011632,-0.18119174404167332,-0.31298096333833386,0
-0.54911550674568,0.95602721001002,1.66152261934237,-0.14349921738902,0.191246932653405,-0.234248706040949,0.546912596319406,0.166048722404695,-0.787359799624833,-0.206010128261083,1.8361738423444,1.21243857495746,0.676662246265808,0.22557410887161,0.300503693928212,0.0049300007897513,-0.33526438052213,-0.467115367500077,-0.136778194576173,0.133790873540754,-0.121883361267464,-0.269177155757629,0.02126741630156,0.22615757582085,-0.295350462177714,0.0682084758935219,0.281441615621355,0.11220656424105,-0.3412751152469491,-0.19036067345988184,0
-2.00607620369846,2.00628186231253,0.913930679470466,2.65450218997064,-1.30431376376616,1.58416564062532,0.860186593702037,0.505100327763744,-1.18006897862042,1.05872876449666,0.19443416167793,0.549647272392531,0.525881200759493,0.0975228165178564,-0.468297037131735,0.116303276410246,0.0383679366008907,0.350491903266369,1.81589111234499,-0.273796708902942,-0.278554790022033,-0.486158376312199,-0.134860384430328,-0.32804086609509,0.196980516567903,0.0641154915669176,-0.665206795630003,-0.302899198711322,0.5560953309824251,-1.2434042654145014,0
-0.848676911387459,0.155855345972892,3.74484440145382,3.37004676510606,-1.41986053257833,1.4141556834642,-0.970250623313925,0.378198061188447,1.23594078306128,0.259469654884499,-0.455752142298168,-2.74045284980898,1.74304968561057,-0.0098983595467148,-1.60663262544909,-0.41516393222369,1.85634863919635,0.0724839859915231,1.95134018211987,0.20242305076868,-0.120115260468719,0.439047158914074,0.138890021282465,0.567736740125913,-0.385979830085948,2.83488742317984,-0.0627390669427429,0.0176710100611005,-0.12293962819599731,0.2336827366865012,0
0.721057641992548,-1.24291193202948,-0.0342889371277952,0.717857281881431,-1.17254695914972,-0.786836645029796,0.149556494197008,-0.293153930054934,-0.982501499621511,0.695647091480268,-0.741638786184081,-0.429309955656579,-0.211992319020945,0.3946641865045,0.911811930599066,-1.37278548963387,-0.147191253868503,1.46654469399833,-1.30652777759957,0.082462322955717,-0.0321774964117055,-0.329879004064528,-0.36398726627037,0.373293991877945,0.514956927090551,-0.250213714284296,-0.0237454722931027,0.0798650009470749,0.9755345535884561,-1.3355958555034355,0
1.30545632108126,-1.30990369729976,-3.22383235823121,0.545621075942119,0.709966983999924,-0.661188638184384,1.3481792031223,-0.443098966818764,-0.23237467401588,0.274501017305924,0.174851763612077,-0.131457241980068,-1.50697179380337,1.3734857291734,-0.679752363845736,-0.307107425118494,-0.478818247432165,0.277211358784073,0.374426370580272,0.596497984491748,0.525518535341319,0.582932726400011,-0.591700599114616,0.279662699365261,0.535401988435692,0.660615773303071,-0.22454733906456,-0.0287068991274477,1.3995315944555762,0.3604303796159882,0
0.0283995122039912,1.35132225144064,-0.796279336629416,-0.0827145721428058,0.467177261227747,-1.41132018540587,0.72359675996336,0.0281302117244602,-0.450334561280103,-1.20945183659192,-0.446240126211172,0.601269453763495,1.32954399172275,-0.757252049883107,0.495209668812061,0.101200664133183,0.531813063430193,0.56544917758707,-0.201697453748996,-0.160280317266284,0.357637202079188,1.11383424231022,-0.164146639502891,0.0180589302967358,-0.300269068414968,-0.160059347660432,0.0084347073521451,0.0412973938162763,-0.34723226367591664,1.5167630874651308,0
1.19102618821288,-0.382317890254659,1.14997729065125,0.175454325328874,-1.25188043577828,-0.460914915576768,-0.68164274492167,0.0464936981559189,1.10853169970793,-0.391455184157811,-0.666054415619648,0.392910465623133,-0.0497032311140931,-0.422154987490544,0.310938673478461,0.169045459426241,-0.0671326918033042,-0.373103059238309,0.228431616920675,-0.0441119830535351,-0.111415031680783,-0.16383049902233,0.0504268573807564,0.471586663724713,0.103208685972773,0.988815525837364,-0.0374431208478515,0.0185427445106878,-0.2649516498046735,-1.258018464482962,0
2.05331121352785,0.089734647817631,-1.68183566862495,0.454211960233033,0.298310371498215,-0.953526086363083,0.152002545314135,-0.207071379659966,0.587335266422761,-0.362047348389396,-0.589598040395407,-0.174712053081765,-0.621127061421005,-0.703512783983304,0.271956610213985,0.318688063430157,0.549365128729473,-0.257785857944933,0.0162561279842771,-0.187420788431655,-0.361158036599845,-0.984261949244254,0.354198094344309,0.6207093385008,-0.29713787612848,0.166735634335132,-0.0682990099344722,-0.0295847028396107,-0.3172865980833214,1.1506710834230753,0
1.92907662511143,-0.432232586631298,0.159214504287252,0.349951766854318,-0.670575275716404,0.274630034935934,-1.0770935413454,0.138555087976277,2.28140326372781,-0.251766766822409,1.91087175667362,-1.10339295662779,2.51397061825355,1.14563269342766,-0.711492797113561,0.811475629757662,-0.205991181064759,0.726172542336773,-0.233811193631101,-0.118997159470604,-0.0558945784562308,0.18993940555096,0.344788142480681,0.749888224472207,-0.614865048419763,0.383761995891471,-0.0439587019267075,-0.0441395155784863,-0.28945991817351313,0.05441663197496725,0
2.08879074077848,-1.67741570275779,-0.77833333046235,-1.83249089692328,-1.16179342539837,0.168823476666529,-1.34014610633011,0.0458241426794477,-1.49620226528404,1.68142816066977,0.659355873032644,0.0589438446599088,1.247005551294,-0.383871177906261,0.0090953876227371,0.2815675659543,-0.240925496729745,0.525778544303459,0.0315355005731259,-0.147097331001067,-0.251530057876301,-0.56757979564005,0.353290101378113,0.165325561207456,-0.621882810524523,-0.509718135804886,0.013544139309467,-0.0246340224179595,0.06856870049363076,1.2420624724102782,0
0.140255265313281,-1.97256150981453,0.714975123203803,0.556447079999445,-1.25409245056076,1.01576245735804,-0.42699169544333,0.290463788170389,2.1306097798995,-0.89272874647237,2.36972158106142,-1.44641552672854,1.14627918596207,1.45498765018964,-0.51610239154875,-0.172444970141087,1.01441669071596,-0.36270744806367,-0.559071662261133,0.806991170635979,0.130789299495315,-0.291359908873562,-0.306372123129546,-0.248431173211181,-0.286649788247292,0.942469670849475,-0.127749305220342,0.0775054531145001,1.6458137040021543,-1.8415967048060842,0
-0.929356420996397,1.62441562538775,2.01798911992546,2.85839347114969,-0.37497927952314,0.517765033674597,0.0156346641166016,0.702582414235802,-1.55699339047455,0.551917545798655,0.741453986763859,0.709215704068039,0.15098757544127,0.333331709633585,-0.599281102888011,-0.175124280450707,0.329485069289358,0.195028560806024,1.52338347097615,0.194504253483288,-0.178760753744991,-0.421959509574988,-0.125328007662849,0.317663031184154,0.139663225816607,0.106969078374003,0.211563088376246,0.0809248395255971,-0.32292389961677387,-0.7380772696712053,0
1.2469284840665,-0.696010905366216,0.602925419439698,0.195056636307325,-1.09748269456157,-0.0889527151367291,-0.698174578152102,0.0905642288766742,-0.246861124257022,0.570204010062166,-0.983709002208289,-0.341792972304155,-0.93288014715152,-0.0968508859640635,-0.150760780701107,-2.07754866528958,0.680794743687373,0.471461467185172,-0.931591981871873,-0.590073890536561,-0.443203433438423,-0.633346872180998,0.037039890576113,0.0570816307058511,0.319751546990739,0.44417210694611,0.0171924631921726,0.014831705947021,-0.23828441489110733,-1.1909700353273736,0
-0.624112404385693,1.126679159991,-0.470517110942697,0.191089571168175,2.21468937787105,3.79229276030056,-0.266304491462561,1.3989270245625,-0.584543282522256,-0.215732712881494,-0.771263574014216,0.0391800387489153,-0.159192662708508,0.450462024589661,0.116350371371116,-0.479977909565997,0.0230493186738007,0.252123453897849,1.452104525914,0.153848324460694,-0.0805662072030022,-0.160796239029629,-0.184695366462352,1.0146507056351,0.160802510463682,-0.234786951583893,0.293450220485804,0.13793747200378,-0.3492313067728856,-0.3497691560942424,0
-0.96292270051777,1.13414035432987,1.78336441712452,-0.374980750198486,-0.336029206553017,-0.306901879013324,0.222699727332861,0.433594173707568,-0.234897271921183,-1.2895810468388,-0.849537010001683,0.688807588273498,0.98338155683473,0.0274490678430534,0.583182875034499,-0.0279449108553917,-0.183968617196506,-0.139475455840649,0.358750831214351,-0.0673548461446741,-0.11715872836851,-0.370088004084917,-0.203213890413589,-0.0231078956867729,0.34471553490402,-0.414118017288449,-0.0408040873264249,0.0150348846501648,-0.3132885118893834,1.581431971239255,0
-0.536843818120053,0.715120142518954,0.89047722056517,-0.485662722409178,0.780068393900337,-0.819557208310184,0.989350896719137,-0.299703505384833,-0.306738893137321,0.118096700459992,0.955489948433075,0.578919791815383,-0.288047541226415,0.182115402480678,-0.718462751054328,-0.258314508709571,-0.496373907127782,-0.208547390214595,0.799332785496187,0.084552053366075,-0.241152775287947,-0.401192629452172,-0.122396438593558,0.0860854761828774,-0.507756232912839,0.193167930870978,0.0658380621222047,-0.0356431187612207,-0.33171968924343737,1.2907694499972366,0
-1.07154810088776,-0.226200499051706,1.26052615290955,-3.08938953338383,-1.00021654258418,-0.338012177815259,-0.6535436645869,0.591694789364448,-2.28659486411596,0.543412401602655,-0.0824001677707176,-0.870568152114421,-0.449467841125698,-0.0719540896782205,-1.28660502001706,0.165333121412774,0.0761665564705733,0.829324130100453,-0.388827099758059,-0.299433727615176,-0.114598060175932,-0.0953717385426525,-0.336593078093981,-0.384124297131541,0.670881994860036,-0.115245734952849,0.143449814353889,0.0127852905496471,-0.26247283636443197,0.8220832415437408,0
-0.234660695039997,-3.54649305357793,0.137784093324041,0.132195036630353,-2.32591764829001,0.426979011595195,-0.262475919248444,0.0968029390901245,0.0361609538884354,0.22136876609504,0.342972307832064,-0.444284130635013,-1.37460979712214,-0.249771960411003,-1.08632691003146,1.21017870964527,0.432229826908962,-0.585756476692871,1.08235497542887,1.61028758828826,0.502107125091571,-0.315429305625521,-0.738142247343858,0.0262574017119553,0.049713296823515,-0.321523624861141,-0.112340164708906,0.148513171077765,2.9044112378538225,-1.1067593983320225,0
1.82650527324625,-0.931267021868084,-2.50043712482118,-1.93154588009713,0.96193072081101,0.67909905092736,0.121038997551669,0.15038267387703,1.23785037632841,-0.819377251113072,1.09746464226894,1.10054437986415,-0.505424946653802,0.92658264073796,1.08711481133342,-1.45509766210472,0.248425512954757,-0.862585079862385,0.290192537769566,-0.0577827706046125,0.235961612797179,0.694509448053622,-0.0570146907870078,-0.892109363655298,0.132424574147999,-0.0392657405129249,-0.0196823324595541,-0.0721237979342865,0.100513409183195,1.0824855263860793,0
1.23225107921994,0.436576377552908,0.504986914811608,1.10230313840209,-0.257243588154838,-0.866943772916425,0.206531036153759,-0.269153782873659,-0.158547059990794,-0.0447913927707975,-0.124669861689016,0.97356668382257,1.45058315604168,0.0505862688314316,0.865997050951844,0.106612113140866,-0.555285391109714,-0.340524478270468,-0.383015193244333,-0.0480046429094062,-0.0371266042715289,-0.011801810508888,-0.0373765785675238,0.40542324196017,0.589108817529814,-0.44326293129149,0.0315742483375155,0.0287368548563395,-0.33327894285907317,-0.737108605179636,0
2.08517487552541,0.39305057772255,-4.50820053235418,-0.311770683288625,3.51011694221752,2.45329922016311,0.220468581007954,0.543376800596399,-0.10043390489717,-1.01862219976658,0.807038106684271,-0.330547627789277,-0.531418651671348,-2.18144882463674,0.388724083120478,0.23207137768386,2.12502188299054,0.405548673555629,-0.440929511947803,-0.0869893297425326,-0.0672166613423604,-0.0726415994946915,-0.0365842826760227,0.529692767553245,0.41468514197751,0.73586965178554,-0.0582327676516994,-0.0266576195050194,-0.3501908474594307,0.4248044524578957,0
1.82456579954111,0.285269548500017,0.721219666472839,3.84627996628275,-0.407771752722293,0.654994177842359,-0.747951656119178,0.213241618586786,-0.30370546555363,1.28570448264253,-0.838475557612555,0.638621441149359,1.418532399009,-0.669545064432435,-0.51392676989271,1.31036460244074,-0.98117578004632,-0.185822807704918,-1.89856788105034,-0.171442513117518,0.0761419676572011,0.33092497993392,0.394075743354188,1.12578339663129,-0.496763384046174,-0.22215459320539,0.0403964704519625,-0.0065449801991931,-0.3315997466576192,1.3280630329226597,0
1.28257894547664,0.10685814951689,-0.322231146619708,0.232384152947251,0.277701971284252,-0.325979171581191,0.271411977804343,-0.162537970054578,0.050166146168231,-0.0962059163707897,-1.46479188311385,-0.236981862830275,0.129842736568014,0.35626618008391,1.01798955466315,0.623604139397341,-0.810051502449917,-0.414936376682349,0.62838239252151,0.0219412837747,-0.572494229145904,-1.81057140606544,0.0545793560110462,-1.04676858610497,0.240243088040826,0.0611221884049884,-0.0622854184215889,0.0100565858420761,-0.15748309291162124,-0.8250675525988862,0
1.01968947362647,-0.51914540963983,1.22231890438209,1.34344581401646,-0.387527767433067,2.11313768767935,-1.0852521218419,0.603804986078096,1.32512309281956,-0.321346369244006,-0.528558915812194,1.83516513920714,1.30082410832779,-1.20898811971464,-2.09254966231059,-0.279116775826126,-0.227739195764287,0.109587727071823,0.596923651277791,0.0266595369076152,-0.0372948529836579,0.380267120432366,-0.300606573197374,-1.26057352098681,0.666439184839086,-0.136966561212334,0.120949935516852,0.021559949073104,-0.14972680569538163,-0.6451065364042698,0
-0.477349548989238,1.0429503798471,0.294999784388592,-0.841645808346974,1.38693198268771,-0.60789593500724,1.57839049622119,-0.632432438713212,-0.199258900501098,-0.577713270175403,1.08196881016444,0.0575233416091813,-0.096080358412735,-1.25464878145509,-0.0215097618561671,0.257255684228359,-0.148061391032493,1.16752127048956,-0.106497874901047,0.003246555442836,0.207121123031227,0.951481090163925,-0.540954046097671,-0.533321412426183,0.283675526251169,-0.169897750867737,-0.459607640386734,-0.31649284531771,-0.2843023869833332,1.4896615396249164,0
1.97477214452123,-0.556855225886145,-0.754044911719783,0.275017413183864,-0.245423336112473,0.241405537120036,-0.643284666295378,0.0749211980507196,1.52998542313044,-0.179302454445102,-1.70908100569921,0.125248688363482,0.164549954285463,-0.235584668491718,0.58883465250141,0.316699140268193,-0.787511051229879,0.554246171621653,0.0216042424562373,-0.10644727437109,0.212985893712972,0.767877239999323,-0.00212317837702,0.0643811264326877,0.0559336253139451,-0.147185770909476,0.0287833878753787,-0.0323804054633469,-0.18131168662749148,0.7422105368367223,0
-5.19072645020912,4.54834974965584,-2.58119785637479,-0.197049454611162,-2.88216000223814,-1.22733365001216,-2.30557493389131,3.57893211391146,-0.284293872725121,0.632476110867228,0.512885493208361,1.98539815816301,0.545663691830566,1.66355848645218,0.0244760788094985,1.37997624822452,1.02308062875811,0.513747280266153,-0.115932225920707,0.400555020678731,-0.147735129989569,-0.879039585645077,0.43918151458864,0.241943995551609,0.450307042657274,0.110856701562024,0.1895157587202,0.123713053552736,-0.3101700046581118,-0.48843558385477936,0
-0.46795843400941,0.389235219990926,0.458679734511136,-2.17394722184673,0.0408077445792762,-1.04147358209437,1.19570937379928,-0.266412076321971,0.169296428120092,-1.21416719182514,1.27230342751148,0.922031811184163,-0.142852612021885,0.601446952457269,0.561953671507541,-0.532178236804512,-0.374572503995062,0.0873435990879993,1.57664118999256,-0.0499248797979464,-0.237547245893961,-0.674008120145658,0.08575158237385,0.0059142971234232,0.0967744431995077,-0.332324037808583,-0.0893103940421777,-0.0374247814978895,-0.05337292842147689,-0.8053573359878212,0
-0.405590753323203,0.938633122577255,1.15112375946806,-0.105094907426597,0.189315266062534,-0.512847987577056,0.530577635289063,0.148762390956608,-0.492507785891678,-0.316999501283496,1.03730626134458,0.0163562905143383,-0.822171960300411,-0.0674296253099133,0.320007482176603,0.717761307565073,-0.308816965031174,0.580036953832979,0.32694741588774,0.103806560608705,-0.236340173192088,-0.715408404440092,-0.0320372937568314,-0.0740887492343762,-0.17310899102151,0.0776322613134005,0.231390634257329,0.0842545889875318,-0.31364833964683775,-0.676335437295519,0
0.243219593549439,-1.87105834951864,1.27921457107601,1.41499102427004,-1.84936795198311,0.630851154773227,-0.522238793088869,0.256871683518631,1.56874464639976,-0.681098063216349,-0.722013687675482,0.847249990565516,-0.209455006777114,-0.81910390735007,-0.794126523980506,-0.62449655732462,0.680241548127154,-0.796219219782969,-0.311095606615386,0.707805203666039,0.229100614657416,0.142804497936751,-0.351436299922288,0.498740775037632,0.0701343619001822,0.530456178259828,-0.0254171277772797,0.100797060720056,1.39993140307497,-0.8775017826860141,0
0.769941571987718,-0.327669633707143,0.0713596005360322,1.04574742763838,0.0128727321715594,0.37101962019894,0.217630137479566,0.127516956577973,-0.355333860141742,0.0024891516271462,1.81556709421768,1.231446287273,0.228782765502607,0.61886575468246,0.71229962777721,-0.337332073009897,-0.12703694780853,-0.565872840603527,-0.864484530856489,0.186771411048766,0.24703296683289,0.403386914676306,-0.212056444884086,-0.256461987722294,0.455489820518182,-0.306667892084021,0.0115560986302368,0.0351317110021882,0.3768211460462471,-0.8445882478963832,0
-2.25167223990131,1.44241217260734,0.360076697772627,0.266452866575416,0.0160461181738255,0.0791662432097103,-0.799209596351762,-0.688824832909345,-1.13933365767731,-0.683734394101894,0.551650039351721,0.915960699573255,0.748854966197365,0.406359594557068,0.594297503345912,0.815131968959124,0.173493132510633,0.778231685989465,1.26697136062073,-0.423577402005156,1.38019370917113,-1.33187490569477,-0.243028847382696,-0.559212869929827,0.151801000287109,0.258201145955253,-0.19948167459865,-0.182723651553318,-0.34531318230282637,-0.7086804081444461,0
-1.14601047970474,1.36406232823921,1.10501394028947,-0.366072786857961,-0.0637684474457406,-0.485845169578359,0.463242548071237,0.203298288816408,0.128857248656453,0.822629991441692,0.863194125639421,-0.0884379873879168,-1.2100893287809,0.348541271038248,0.354153923846445,0.488038179395986,-0.723187790742891,0.352293423514614,0.350087826777626,0.413263738989861,-0.307163432963732,-0.70768777304801,-0.007421236388865,-0.0666640442066332,-0.059590797758309,0.0932643170452497,0.567066606411571,0.304401426787509,-0.34291433058646364,-0.46468224588759854,0
-1.14253377295338,0.596160147093835,-0.292268327459396,-0.432938317775006,0.197288415169681,-1.25908041918967,0.520181878566723,0.178227346872704,0.217174780185879,-0.247867838297492,-1.18188472243268,-0.306966971055515,-1.05821034200236,0.53127695797444,-0.195259965582962,0.0292133137603546,-0.162026791048645,-0.672093474095213,-0.0911728263610562,-0.445786094788604,-0.247839831904478,-0.610081527813011,0.573786851319805,-0.0588910977531349,-0.436147665909444,0.130520519982833,-0.265285563827661,0.124793077603669,-0.2932980809196936,1.243915569698498,0
-0.268467869151744,1.24166359418173,-0.273325089079481,-0.223759047492062,0.250755543268109,-1.00623636295115,0.479381695534233,0.216105687034329,0.92933695812682,-0.686121114903755,1.54219924997108,-2.0074076788236,0.976164552234301,2.50104274198115,-0.960384804031991,-0.15372021521863,0.246504525920201,1.01142365174382,0.0892447155912326,-0.214030425190451,0.310142683541175,1.22403270412441,-0.0658292892044223,0.0389109860991976,-0.854053435614339,-0.279383339651094,0.351345609935705,0.243198179196233,-0.34967109625421877,0.014259171422295436,0
0.959707093430241,-1.68060426316857,1.65818757177002,-0.0310139990440463,-2.30924171317336,0.488681648785625,-1.59563492229084,0.411256296577737,0.745145938418607,0.331624983037562,0.409624808525308,0.252726809670366,-1.08739856865491,-1.11755641004139,-2.41857786804392,0.577057385351454,0.929662021770039,-0.878100003763449,1.296078473448,0.260423366316137,0.252539767205749,0.74766384514217,-0.207267387996619,0.594998764504788,0.369126852735847,-0.0700446182528636,0.0558129921234748,0.0419721574640193,0.24476435906047644,-0.7312123865353003,0
-0.390567524003035,0.270001497367345,1.0854338353972,-0.464380175818199,-0.279046338442453,-0.507906423205136,0.218688148735343,-0.0411129295990947,0.762715740650801,-0.44690315102655,-1.36340261089127,-0.449710398262634,-0.733004008231676,-0.280189609198201,0.0009877856759214,0.329929502394532,-0.570066612867387,0.240442288407623,-0.38631406470546,-0.320265516534071,0.253206077205536,0.876502698489177,-0.0171180666542701,0.0166637762624281,-0.42290132402307,0.539257633522058,-0.163522774324172,0.0264578591044986,-0.2497189414057699,1.4338159258935659,0
-5.62393978674241,-2.62777366819909,-0.0054378814232405,2.58617753780218,-0.746595671680134,0.811549337103456,0.0379470334185413,0.437026321784275,0.679142530864179,0.788218942032956,0.651500076616189,0.706141651621642,-0.337167086495679,-0.0369073220639887,0.370375640530254,-0.596865946175156,0.668759949044865,0.185584692890386,2.07028518223762,-1.32914894360461,-0.457309429450318,0.319968543757282,-1.15931698243576,-0.0930227457147629,0.209788423543552,-0.101762001301477,-0.935712066150746,-0.698350613304108,0.3039360347307582,-0.7585245136128123,0
-0.0983091244022797,-0.382822531250909,0.202726136097151,-0.732300851711493,0.3363424669797,-0.253872198743057,0.837947316834983,-0.402611175960168,-1.42448421976767,0.665377505015454,0.289512732390572,0.416778168261654,1.02235002969033,0.049969311096635,-0.182174336079889,-2.02980137242746,-0.440283464268391,2.24150730764261,0.45044039381059,0.0288200757688048,0.154790191953826,1.00932710679279,0.002123572270467,-0.462864947592814,-0.422525903971436,0.0105968601055788,0.0410901534485854,-0.0045011037336802,0.14253329508148294,1.0381375390111833,0
-0.348946077298425,0.679960672735403,1.57225178766582,0.599301968783409,0.118643359517031,0.115739578450765,0.448668606374968,0.175906484598501,-0.187973101940833,-0.43291089142945,0.376564805473933,0.692486832811485,-0.352333690935706,-0.0430288930666335,-1.2885960860627,-0.239263680267891,-0.329687128595403,0.40316158598137,0.569310897238022,-0.0654235898741544,0.0487914310864436,0.291862258142537,-0.286472257822863,0.0255947349864299,0.323274405727379,-0.324513638663752,0.0552889469950005,0.0147353543490532,-0.29365790867714797,-0.8263099700989426,0
-2.70736139145569,-4.92354304366402,-1.27956888608093,-0.626483121100912,5.36284145526536,-4.71429159784447,-1.63151607855202,-0.436303372828825,-1.40981445524118,1.20793568145532,0.891215204055376,0.553601194503717,0.76616034957737,0.421915807246228,-1.88963171577705,-0.0140310028580092,0.0282910141350335,-1.10707039478565,0.700478468169,1.39683998154068,1.17008155763613,2.13531314787182,0.8853627600123,0.177642107868824,-0.93571181733872,-0.122974821505919,-0.0665476398187352,0.188905835930129,-0.0973518765547944,0.4285948787292544,0
-1.07307488859602,0.252512975437359,1.89551481107262,-1.20779221283576,0.581031511986895,-0.293933009163533,0.38581559989735,0.092124427269533,-0.121434392355875,-1.13480339910119,-0.962042615051057,0.154096817794625,0.836320727048203,-0.38163301187614,0.259992462177216,0.707381889430396,-0.944068148117341,0.136284067985159,-0.890851762591925,0.149594326832055,0.223983929816564,0.457641370229544,-0.299682967881361,0.773586205929187,0.606272213741719,0.655522684038638,-0.0513399453099734,0.0648615473828265,-0.20206175397402945,0.5314628361491819,0
1.93558533045939,0.776447672711842,-1.41717325939387,3.81554574843105,0.952247010283522,-0.652966718353655,0.914352997745797,-0.41656030269732,-1.47709114281347,1.4927397582609,-1.07037933461039,0.120066486387417,0.543685265923684,0.441499750107525,-1.30286473274769,0.135534515493484,-0.505674557173503,-0.913721897017475,-1.43396412545732,-0.239855647314244,0.141098236700921,0.494622513910771,-0.0336127966318827,0.0113086966740827,0.422395182840617,0.171049838026775,-0.0744141129851331,-0.0634576739768241,-0.25331721898031406,0.9822076935849136,0
-1.79273583277178,1.30011744082923,0.829227231234796,-1.1890026792292,0.268256736892446,1.97409466066243,-0.791721241713511,1.7446174326659,-0.246146929013488,-0.764122605774508,0.404968888173106,0.123178492343102,-1.00612900209174,0.880691173282658,1.20855946326314,0.52840570637445,-0.0945469275475759,-0.223772062567798,-0.962099259886785,-0.105766762576349,0.0360699066415003,-0.0659332343599887,-0.120347610497517,-0.996891444878495,0.183669591252546,0.316103934408512,0.152574083826789,0.0382122175700327,-0.33527798595604213,1.0045922665096594,0
2.11588885035178,-1.67898676401446,-1.17248368515628,-1.69870054775839,-1.03448372469947,-0.0563264311959307,-1.11019779984926,-0.0405063641227687,-1.43409046998642,1.69279144804699,0.348665873350881,-0.240323104246325,0.437484498501151,-0.254218206360118,-0.784374300884639,-0.216639798415105,0.0874265084989288,0.542393452092358,0.265471509350413,-0.210714452705194,-0.112241430214319,-0.0711711754626194,0.156522787049034,0.331488173400992,-0.223807825287019,-0.234415628786021,-0.0113037743252563,-0.0400833698920575,0.06057252810575485,1.4171380502995878,0
2.11507806647662,-0.843788488572775,-1.81706874525677,-0.814525969937228,0.0707657336533844,-0.146472237571757,-0.265104207136611,-0.225004337146265,-0.876244576796849,1.09747404356808,-0.325156519344019,0.458216625139326,1.21830772203782,0.235588766251204,-0.158167598252691,-0.860049605065727,-1.01701212484529,1.96768402978106,-0.236468943703165,-0.37299317779647,-0.127155285161494,0.0809923423692321,-0.119402771557122,-1.33026076728774,0.0823856544114105,0.851232796825356,-0.0745709283937679,-0.0751496414887397,-0.06176890942874657,0.683227292469636,0
1.97692191524012,0.0237704176683394,-1.23765894307737,1.29464895607246,0.0121719912519955,-1.0843554482933,0.248804571370111,-0.280105941866482,0.405705579216432,0.349475277013188,-0.947696157319401,-0.399491579321946,-1.08555834794614,0.735880814657477,0.69746818847332,-0.0406582098408092,-0.499703085639472,0.0470357109401035,-0.686872875186176,-0.299910656844589,0.264560664946133,0.801341005953995,-0.0076443276593176,-0.0344634945424747,0.258145773907926,-0.422202150795473,-0.0058623131510666,-0.0504282471818131,-0.24324204177159037,1.210096544188487,0
-1.16611609778283,-0.481438345117345,0.36114496237693,1.1567894777366,-1.11050858655228,1.63584320205061,3.48012571326589,-0.762325664721137,-0.65633876899938,-0.0215834452594553,1.17352533678837,0.496513270054283,0.285085670977046,-0.152048292142062,-0.188220081078944,-0.690147666612104,-0.300846405868697,-0.0276033080290276,0.690580783003287,0.270787713871513,0.0380022450556415,0.701689147033258,0.39113196548538,-0.254747400705692,-0.0512837651103421,-0.288059615562599,-0.0433125887764659,-0.393588131989236,2.167723875758815,-0.3820088373245207,0
1.07427140416478,-0.504295190904727,1.30983449821489,0.419054788334265,-1.51379077489692,-0.680409651201134,-0.571554054532624,0.0049692994586837,1.16316733432233,-0.476634301926442,-0.316042309827531,0.754664687466604,-0.110094819991145,-0.511545561937369,-0.336163926995927,-0.269484541832119,0.340460178048837,-0.803346977118939,0.248070342849469,0.0093612585562997,-0.167556108486131,-0.340627868124986,0.100366663098843,0.994656268241345,0.0459845606841543,0.904238689496641,-0.0426643840871671,0.0286580705934924,-0.11334422133054622,-0.9751263170972289,0
2.21752280633496,-1.44752963986542,-1.7456449913435,-1.58768299407292,-0.744126290126841,-0.777368240185149,-0.580168048173288,-0.315932391448936,-1.44266772611337,1.58986074155222,-1.36224024889726,-1.28966142740448,-0.332784664991789,-0.0188936890752962,-0.34120481138815,-0.762000721241999,0.576055314125645,-0.277384915325568,0.172329813496578,-0.313577213441753,-0.293598209115174,-0.578111122578918,0.184492118876945,0.428428254848851,-0.0646890565895067,-0.260011178416364,-0.0422934962939844,-0.0446000424994936,0.00639846017789556,0.8289481246796458,0
0.756871219591889,-1.0888853798529,0.804506066167768,0.152646266559843,-1.20088363201149,0.136647162970752,-0.469672074652035,0.127261103682822,0.766249051535299,-0.337583541785968,0.828709335136541,1.26354837690787,0.492540417798114,-0.302259149160139,-0.397202608114639,0.465492169947005,-0.462436836238857,0.209127059646362,0.571052873161169,0.448541641055107,0.0547325541934505,-0.181509244577452,-0.199501659353744,0.0965604482756647,0.0562881896335025,0.967954257551022,-0.0787141507360597,0.0433907840056294,0.5936773412054418,-1.3976114408876088,0
1.29278344176409,0.0059038124728072,-0.0021074340970276,0.253794767577275,-0.0461001258384579,-0.0498422374877312,-0.206517151138687,0.136243812362245,0.186721690436453,0.166002085176236,0.076807984906587,-0.457049526025935,-1.68943316456013,0.789345971569459,0.650177210047994,0.939558680675127,-0.976487305246351,0.594990207654401,0.623904472145653,-0.175008206121688,-0.305260764653844,-1.02228420679747,0.0029037523156332,-0.901103518769185,0.270203593726439,0.15633603016593,-0.0488038256161304,-0.0070866803915006,-0.33527798595604213,-0.695413916194691,0
-0.421110666488927,0.329206498177904,1.99401153431646,1.43923869451433,0.171647042753553,0.768116543414077,0.437791267772044,0.0341190921002659,0.284280897215355,-0.257910609656396,-1.13931010729466,0.222337863523361,0.0929108329377121,-0.67998212390432,-0.365190181439731,-1.29413366506843,0.557007891305431,-0.50264781319549,0.995395674562374,0.233526764408776,0.0002313054812036,0.445706807407134,-0.109577124444591,-0.241926540808779,-0.14538220158355,-0.195325036365167,0.034607807633706,-0.0699142432768755,-0.12134039371842213,-0.5662656699600102,0
-0.455587716700513,-0.400268034963701,1.83796196869611,-2.83867283960721,-0.65114101078601,0.254501267543303,-0.523772731857546,0.189369254065063,-2.41682136499208,0.813444932544394,-0.129678154777121,-1.10291982944749,0.262251302278079,-0.459620822017191,-0.324774721568584,0.550034505877832,-0.499414739197609,1.31596958170953,-0.203049307525241,-0.267474417381533,-0.0357367313791521,0.158233816949015,-0.43713107741859,-0.865859994615592,0.471963969923909,-0.131345471665928,0.0583452175980045,0.0454264744462199,-0.2908592483413915,-0.18808641769706666,0
1.16234896098563,0.662246355511246,0.085487672679895,2.51134972414699,0.193049367854977,-0.826498794964356,0.631717624577771,-0.308157470929555,-1.09946860150303,0.713050019470938,-0.489705861755354,0.0235181695252467,0.239471768682548,0.473688264325902,0.180617697706036,0.321769146063681,-0.492452277728974,-0.526448065096693,-0.898527964323057,-0.0777465979808549,0.0089382732750818,-0.0594152023467881,-0.139203210975753,0.387903573181451,0.72670698215375,0.0644488748281175,-0.0445083889109438,0.0166329438641889,-0.2016219644926963,-1.3151275536380989,0
1.03828924065159,-0.484864158423282,0.758519055919755,0.47099255657752,-0.681135558827953,0.422549634446172,-0.597544885681206,0.186361685171886,0.546118748519449,-0.0763960458311706,0.415257866358468,0.993745898602027,0.675178975372664,-0.241953600028095,-0.0313688192890819,0.759361733195824,-0.895803127663912,0.734154628881006,0.340652332194226,0.166420609298416,0.15096355089612,0.382125503639212,-0.253933719531325,-0.417219615425245,0.391464767662287,0.59549366139486,-0.0137040192671545,0.0219436915702968,0.04258114023303405,-0.8166443831069781,0
1.39394267902591,-1.20932274064709,0.0938272287250701,1.37368953196835,-1.01790751834608,0.781355499693505,-0.891434511952119,0.352799327639693,1.12414045877709,0.179652233606312,0.683671715772326,0.971956791448576,0.0989864049760426,-0.140639053170896,0.254403457149688,0.934473469098348,-1.06621076015247,1.11330405054895,-0.717670689282939,0.286557877568681,0.453758020410715,0.888238269606822,0.016011239062049,0.695290293914652,-0.429079591714333,-0.662976965866873,0.0446432133993409,0.0227292911480915,0.6462921555176654,0.8412880679852912,0
-1.00121486337426,0.763704292762852,0.648623551521234,-2.6566905678209,0.0559979891361367,-1.18360589421183,0.755345694895969,0.153325551047006,0.647065556265539,-2.31015714290046,-1.23086659483106,0.837869812187969,0.408594740831285,0.155704420954884,-0.478756266359016,-1.00622392188975,0.0998823483931828,-0.200715259224981,0.709466344761342,-0.171736286399225,0.137091016061921,0.533660223515408,-0.630709025957463,-0.0141544579107986,1.20560210610811,0.0251185700575577,-0.109075117483313,-0.0359099399010435,-0.32524278960925784,1.4931782128877882,0
-1.15194343776225,-0.447615198879435,0.474730472729167,-2.30008705344223,-0.661560106623494,-0.956295633917392,0.124716803659785,0.235822493646413,-2.91755837580374,0.620720847614535,-0.405805344146128,-0.328360709337719,1.31990920409319,-0.0262408577184712,-0.260123932412675,-0.701155888884388,0.770273622767791,-0.9472168652,-0.97227555823575,0.0535980352531534,-0.257972810358793,-0.747943600390813,0.376399199097468,0.0252654726146161,-0.228153907444887,-0.616660981701555,0.219300169333686,0.0656636367939305,0.1344571609697283,-1.009471790700484,0
-1.22334925522108,0.445035953810903,0.882439648955595,-1.91036262508078,-0.0876090873086891,-0.434524137908046,0.286663347982547,-1.14164304988901,-0.755252490855584,1.04858521948066,0.632753678076679,-0.698677866451872,-1.09234411482555,-0.347742596079248,-1.41787992774089,0.904353119445923,-0.0405404428051109,-0.919227959530994,0.654987875464885,-0.166972467872074,0.959430510306805,0.434709662477391,-0.322486317098561,0.0225777425383087,0.191204710608474,-0.304240266762647,-0.326033951498964,0.0025886261770258,-0.20929828998505715,-1.1018107862555264,0
1.13040851901444,0.0499754021550513,0.561135731505889,1.08134135860778,-0.445584789225526,-0.234443294498037,-0.219663499442634,0.114275195230863,0.0666592231447692,0.218563294683083,0.822569347113495,0.186851416457841,-1.09102961886049,0.632156721949813,0.550594318804193,0.715472333861083,-0.854582373504541,0.653404505598265,-0.0586481311627913,-0.122624232128031,-0.0423847423168272,-0.268627121192652,-0.0331684677569216,-0.0438661342936094,0.375732669115889,-0.475636770471326,0.0162530104141772,0.0212149929525448,-0.20929828998505715,-1.1071384409591583,0
2.1528996714687,-1.52722742383133,-1.72741110165061,-1.82164308658706,-0.60876370049479,-0.383563206034431,-0.666500036452255,-0.318127229059973,-1.93127649639151,1.7698370042255,0.136135006395192,0.0836700237634597,1.82886138940815,-0.234914408894237,-0.537765553827072,-0.136153045576206,-0.300074120730129,0.783675976025837,0.269385925498282,-0.0960771252910477,0.149567580445627,0.710696725827879,-0.179862435921128,-0.979203379156322,0.186292923422816,0.105147532301821,-0.0273359884347947,-0.0586734085127187,0.1375356873390605,0.5098574064024377,0
-0.346744066275266,0.336392028522885,0.206612528233318,-1.6421086078726,-0.482558225923953,-0.994033858666562,0.200316347362685,0.159691785277617,-1.47790507185927,-0.0573089248636784,-1.33523572410302,-0.0699737542530547,0.941979199996825,0.211471542280004,-0.0635426901625273,-0.920616477071144,-0.405295960582505,1.11546981951784,-1.25595139727024,-0.547847621560078,-0.160234906078075,-0.166409776557512,0.210072803167362,-0.0879772690871128,-1.09885458334596,0.71342950999957,0.0183703680172595,0.147166732481765,-0.19130690211233636,-0.3211514377454847,0
-0.706564509355561,0.789874072310036,1.67802561353144,-0.205586589967654,0.720994847678756,1.03028504201501,0.681217985988638,0.203203280142459,-0.32277318424268,-0.213257188241139,1.06701201230524,0.69376724331832,0.550378259801188,-0.0955872834028148,1.88477983101439,-1.27987383813556,0.777606794160789,-2.51751455040261,-1.65894610264212,0.053510514634306,-0.114716563725515,0.0385905085313926,0.119297974344302,-0.635974787338178,-0.564410525712972,0.136563983207144,0.0532171451602534,-0.115430537827431,-0.2389640895440768,-1.931977313454258,0
1.13583661044708,0.0778815554616582,0.498847294975363,1.33900111567389,-0.370645951231705,-0.242181937168289,-0.0891651478321714,0.0899279951425936,0.452801922877356,-0.0555801978229546,-0.636391760888454,-0.338584664659824,-1.58955864036172,0.446893833105846,0.601305410073248,-0.335833009922929,0.156860075120042,-0.729899527951744,-0.478687553968752,-0.251400514696748,-0.190944030722685,-0.506376162879016,0.0562573972578476,0.0225316652849715,0.396256861640341,-0.464577453178912,0.0317270710802083,0.0217868181736793,-0.2696693915135203,-0.48108636847308955,0
-0.965844226310474,0.430692940165641,1.21960390494988,-1.71163757193339,-0.8501569535125,-1.19809759711891,-0.104335321865264,0.37713788977655,-1.29245580561982,-0.0814550614714153,-0.772621659917592,-1.21545406511061,-0.804029510879804,0.196158357576912,0.205803533809535,1.45802066555095,0.203735811443467,-1.15461571395111,-0.0540520994618153,0.0919253337855978,0.198796859724221,0.282072545932095,-0.106441447311318,0.349256001426663,0.131794160839103,-0.385884170543402,0.182827192850359,0.0791876311631367,-0.25727532431231265,-1.1093495229507842,0
-0.89429004321874,1.33623917710199,0.700342652705668,-0.481819553141461,0.55027651731573,-0.328578572192402,0.870908288947572,0.277844110525033,-0.681259250718475,-1.24857876855114,-1.07477036814384,0.547034423252127,0.73562239215914,0.360424282353816,-0.111035974877654,-0.557005181823685,0.0264349294751893,-0.451171588439913,0.803805298660122,-0.0472637482187149,-0.195617320067155,-0.622331161904687,-0.28869859936977,0.666748280774968,0.763017502813764,-0.363565984254335,-0.0974287769256287,0.0005296017910164,-0.2939377747107237,-0.15108764570386038,0
-1.78399677088922,-0.389495815378128,-0.499698911120791,-0.889280068853907,0.711143706715811,2.21574243768134,2.06106989285711,0.0449939115367715,-0.349938671563647,-0.586558073322614,0.72763526158536,0.462418532178123,-0.24439292847516,0.239685568699206,-0.242463978113569,-0.55676841557348,-0.0419225072915864,-1.30641800827795,-0.28577495461061,-0.697270648736358,-0.276905479882703,-0.167976458490119,0.18524043859459,-0.897965718695377,-0.157688350719456,0.352576851660814,-0.0926657015316468,0.264497574225276,1.1061920104063483,0.713276949632018,0
-0.95344371634767,1.92198034617494,-0.679545462704521,0.937980007323459,-0.453448106482243,-1.24448112929089,0.265225536063318,0.556566858172577,-0.432533929107731,0.301045134768953,-0.9102837919654,-0.0879027826680135,-0.607650892020739,1.12526084791119,0.695806223405643,-0.322833374177375,0.207839777596441,0.0093190063833758,0.351562647208228,-0.121912710934332,0.214762474548146,0.504861769584779,0.144862205251435,0.376123384646909,-0.661998103807955,-0.429946145911592,0.0211806175835295,0.158870868991124,-0.30129425330756954,-0.32167788583872897,0
0.562661816781065,-0.0598858310502251,-0.111041102017595,2.83080092267272,0.070279172181822,-0.165344173554473,0.651833015733334,-0.138179002836884,-1.02063867358453,-0.0049750018579138,0.241181454107443,0.393654267390443,1.06438704095488,-0.959325049796652,0.740294881565905,0.7390018923976,0.513683341370788,-0.485338008338118,-1.54376828203061,0.524040951013211,-0.0359349600096986,-0.743498263968544,-0.176810249121685,-0.0250579485779488,0.206447506256683,-0.192315891099409,-0.0312256277879242,0.101231121046709,0.8557518912180748,-0.6866748778468362,0
2.07017401229879,0.137612671454329,-1.69583738541614,0.428682071310804,0.37627448308555,-0.905306459194059,0.171199843879238,-0.225003005414426,0.528899568814729,-0.371558569664123,-0.580651372262415,0.0264843165874392,-0.187368056226388,-0.793178174889166,0.229999551456288,0.318626410538762,0.499430767185043,-0.287862352594437,0.0418750419877141,-0.170287341120904,-0.364568458441804,-0.959469619374176,0.345705782452163,0.561403606465484,-0.27123676096983,0.170328954796349,-0.0644957629686377,-0.0304365568609989,-0.3412751152469491,0.5401387007258472,0
0.0391322246908565,-2.63132965599806,-0.425604342583278,-1.22864790672973,-0.97985908443742,0.902994052817743,0.0521209310494466,0.0841261672784358,1.53177629823992,-1.36343385853027,0.495991350580388,1.65649696106046,1.38451062811083,-0.159720227819014,0.943786113615987,-0.0883925779517524,-0.586702422502662,0.682510625400549,0.905754950989408,1.3205901939561,0.505758114952872,0.323703715470842,-0.836200213022045,-1.20442514171592,0.364593897856833,0.138827164586201,-0.0579926540363736,0.110292668123325,2.2335323745110336,-1.0572943354907922,0
0.163187066175035,-1.59104346362015,-1.07618937466745,0.552425636621172,0.11188774889559,0.431465485805567,1.02520970312533,-0.146742730743739,-0.53039232218765,-0.21590135826623,0.778827050659246,1.01626667010903,0.836782714325135,0.646829791136069,0.404292286858454,0.319559233787994,-0.664171032443715,-0.409295966796431,0.291449312490719,1.1304139775881,-0.0241336100597483,-1.38574308362241,-0.496793705195549,-1.10289715090052,0.147252123181644,0.158993278029155,-0.158137513527974,0.0860966871999559,1.984651508938396,-1.30217693054429,0
-0.131078728176836,0.413273024479562,1.40352193876396,-0.624003165102077,-0.183876016931085,0.467722501433649,-0.342276874718418,0.206147723702799,1.85925892542564,-0.673581633675261,1.66713473530654,-1.74170719343752,1.79744672712416,1.06831179600556,-1.02093334857815,0.805210589170786,-0.255926170514407,0.823752176899878,-0.515441050206945,-0.192645235923185,0.0342972631505316,0.280626702708678,0.125253373207313,0.665105346419682,-0.887768673475937,0.293715031605376,-0.27301514881083,0.0116478215879127,-0.28945991817351313,0.12788772786813557,0
1.30667026281926,-0.273400050965101,0.590460606843848,-0.932945190958949,-0.686451804324134,-0.32119721200234,-0.498192749116541,-0.0577217228293451,1.67552821913163,-1.11795352088439,-0.958507812268132,1.18026766455415,1.44967259944024,-0.466307205818853,1.18513155441089,-0.26162348789519,-0.525948942070904,0.295581298189885,0.862624882390133,-0.0130264785102943,-0.0518908327647144,0.171085883989046,-0.156090592194789,-0.407450152728366,0.65719805469926,-0.638464102474216,0.101430113585412,0.0295506879086811,-0.3492313067728856,-0.216830483588203,0
1.19962829368312,0.322041848741992,0.281006283323949,0.644205063348292,-0.143959824403907,-0.587574073290759,0.0550242481249198,-0.0976543265048629,-0.053538001658077,-0.345949234367581,0.246876367229677,0.606583969568277,0.745487393037138,-0.364630506669352,1.28775457596987,0.161820543849458,0.242520159718747,-0.812616184769348,-0.562672014786737,-0.0633630875943213,-0.249436320401625,-0.675283252823183,0.146048719281487,0.0490227491965105,0.158844827068839,0.121548051401647,-0.0044333663094407,0.0298202889425645,-0.3172865980833214,-0.33665006961059557,0
-1.24066788109766,0.308436912181519,0.837495951341526,-0.562615715481889,1.61192482568834,-1.2427333005449,0.899288850454155,-0.586438509469241,0.05356021933469,-0.317549556805295,-0.304278186867865,0.886300646400897,1.18123566169912,-0.322533924603146,-0.258483227271029,-0.603086601252079,-0.482381283882671,-0.831559659117229,0.0024502088655358,-0.299658964627463,-0.23897957724134,-0.343980459547886,-0.283354102955507,1.18096975125626,-0.211799117389548,-0.732481846588792,-0.358362071791871,0.0445325229956817,-0.33327894285907317,0.6268973464925006,0
-0.249550788074278,0.636656672362521,1.81077779337681,-0.46801215644476,-0.200758522021515,-0.189728202213231,0.11243489350429,0.0447729070914463,0.935444614574774,-0.784378625319321,1.89771489721296,-2.08051833431553,1.72120618599273,1.52986360824206,-0.312589838287488,0.689009730998021,-0.0647911365998775,0.920466765336021,0.150972377420736,-0.0057447518168284,0.0347291397317793,0.294468818611389,-0.180966915705344,0.0246431927981584,-0.207907402433689,0.994212014591916,-0.0691733350667701,-0.0033149737412137,-0.2934580043674511,-1.765640773912803,0
0.143143767232703,1.08037883075021,-0.403134121728077,-0.564363349994082,1.02023658712088,-0.721315852089062,1.00120641117612,-0.120621056140953,-0.147203931432382,-0.861079663800067,-0.556601221952606,0.245134308694011,0.673278049531076,-1.14607969953887,-0.262555172823548,0.251290402287236,0.372514266570891,-0.376159832102832,-0.292270739526075,0.0531326892938892,-0.33120542803577,-0.762690884922972,0.0867692771238074,0.517865928271106,-0.409660760899342,0.117200435522668,0.230334756215901,0.0847884976718892,-0.3460728186796746,0.59120416577054,0
0.186941912953154,1.13491840153314,-1.17104120364653,-0.24226178583877,0.619417333609134,-0.832934427727721,0.529201112505671,0.24118161580321,-0.491604047404464,-0.975467089248754,0.736008172562814,0.831928278120491,0.722781157847816,-0.491124415463705,-0.0949814267321122,0.510037327312516,0.124426212545703,1.27810127637774,0.212153902852904,-0.167015390271409,0.357846497654263,1.02903790123168,-0.16480135820086,-0.543547126481685,-0.211270008588202,-0.142298981201517,-0.0693821025680524,-0.0600195073937449,-0.30297344950902344,0.39523912754129836,0
2.06051116408159,-0.125182605441546,-1.48897135877878,0.138462704135945,0.185149741483864,-0.913936920832592,0.187316428638472,-0.330567714366462,0.350801235953168,0.146428967902502,-0.686208141804008,0.276630445070907,0.438805922854819,0.343553129832122,0.63963911239537,0.0638874194338571,-0.53148804268312,-0.275747500730812,-0.208829459995946,-0.111147684317271,0.216714266827407,0.681755832299538,0.0560945529724002,0.818158120576844,0.0862576296468562,0.75054313288596,-0.0965951830530558,-0.0595398589767058,-0.25427675966685914,0.612198915729121,0
2.11934933501208,-0.13890587138766,-1.75964954961494,0.0288597208852867,0.455269903346762,-0.47883709639074,0.0568307261425585,-0.158836063540163,0.974083536835227,-0.0722408853129111,-1.49824065287522,-0.533970571540946,-0.998784587895167,0.672810314736133,1.12576379487868,-0.0709229653462653,-0.673638271202083,0.388250543347531,0.007768028317567,-0.286015411165162,0.212285091976257,0.712997980382271,-0.0494461053446499,0.0165551273331157,0.388236123646356,-0.403095555828221,-0.0017646072545284,-0.0568487174765943,-0.3492313067728856,0.3831939951678698,0
0.993655761708301,-0.0884963395037774,-0.132324005113224,0.685764815587514,0.539719086247821,1.72121233757765,-0.591962408855191,0.725796845276938,0.488847974584725,-0.766783752458376,1.80478914591366,0.610950986343919,-1.29453105331289,-1.06429649039137,0.290077463631259,-0.821129880428253,2.02585519366151,-1.18019893848383,-1.1464864267309,-0.254249162399204,-0.0427182422310161,0.186753489896132,-0.0092872755586786,-1.43894563234485,0.212509629109319,0.546713664932407,0.0619445645774657,0.0125149525676573,-0.3040129519194473,-0.8002823763689466,0
-0.575832694958567,1.36048254095849,0.936080606484637,0.861856603770148,0.0765064618778605,-0.324733394360285,0.44424267942254,0.343824281273433,-0.971087154724782,-0.514205495712984,-0.300923568488493,0.590200202955199,0.957114275842748,0.510989216220906,1.12462155035942,-0.539112667616095,0.207905172890035,-0.410229365332696,0.0624727703638019,-0.0913188410801738,0.237477989452335,0.688055759076953,-0.0943913269304817,0.115247212903667,-0.276588860723947,-0.305989891712574,0.0710373623608473,0.100492962834759,-0.3219243780682894,-0.522928462924143,0
-0.0800616964600044,1.19440643092167,-0.55080272612611,-0.61916809294196,0.940634329701126,-0.807961939346798,0.943133204774577,-0.0923609461163508,0.152905286005391,-0.521966137272868,-0.76648015696209,-0.142314957047107,0.0272619508336374,-1.09420994990829,-0.215395204132094,0.342530769837188,0.317437799391152,-0.197322365229228,-0.216117852739591,0.144212037253892,-0.380742577263016,-0.877910691848371,0.0854530603371416,0.469796813037087,-0.356211423533401,0.123858333059667,0.331454651821326,0.142412789657021,-0.3460728186796746,1.5282185979741258,0
1.86294250836096,-0.331800671365521,0.167161956989449,1.40270956189444,-0.854659122014448,-0.224422351369918,-0.711919076705211,0.0717890104360753,1.17780258046394,0.126587133814575,-0.944778659353872,0.385352728249765,0.135857722655145,-0.207943126302847,0.690883571520773,0.509806323528062,-0.711930682087772,0.176602961449944,-0.750035915967881,-0.196512537336377,0.0754354959054018,0.331413675245187,0.25985338555734,-0.0566741695692433,-0.36550515790786,-0.754761472385161,0.0761465677535209,-0.0154902176601372,-0.2132963761789951,0.7311340689548632,0
2.00984038448298,-0.396777513166723,-1.30843273199752,0.385503234503016,-0.0792567460903552,-0.473413166286107,-0.121270612686392,-0.0427415747566998,0.808056256806074,0.236320621443426,0.110198381425691,0.233899836162626,-1.57967835853746,0.525720788667426,-1.13839742090098,-0.225680657481885,-0.266997585349292,0.135147320956558,0.477439248421447,-0.298978373807782,0.150559741945645,0.638435490609804,-0.0345231932551417,-0.342665314885501,0.15203178069222,0.735634216710382,-0.0800836385456506,-0.0875454292142863,-0.3040129519194473,1.335833406778945,0
1.20580984931542,0.0881267026877599,1.11410422146588,1.72781442397452,-0.459240980531986,0.481906250089488,-0.562757126918972,0.112141209252851,0.114097407147797,0.328836285771116,-1.39845897601319,0.527323126968374,1.44002548717719,-0.766224473749649,-0.297562622288705,0.864553578263615,-0.673877854691688,-0.294439029637205,-0.242995060931121,0.012516714801096,-0.157430052859736,-0.268947418923868,-0.0402248218656946,-0.380381949837413,0.244993360749422,0.935554434877911,-0.0232740384233856,0.0172401085287935,-0.3076112294939915,-1.2793290832974895,0
1.64540160562349,-1.50040409388927,-1.73254816927725,-0.705286748979716,-0.46574623725523,0.0982421119369727,-0.645553230028342,-0.0099509693776334,-0.327653465896183,0.0981040273196619,0.927056922021979,0.155295040289588,1.14388440577514,-2.07820876486548,-0.342932237229126,2.06579841580868,0.827813208220395,0.231610919885329,0.652739814890013,0.681410219139617,0.411966135459335,0.658558704050485,-0.192314873657566,0.0290413723945679,-0.142807107821285,-0.132939807306815,-0.0242960487847006,0.0265841591002047,0.7676340715036825,0.8775919284954151,0
2.13399635458474,0.0721063399601755,-1.73637459741455,0.0790398584350379,0.684196260213494,-0.517998530862343,0.27842100617948,-0.342877860770891,0.426670099809166,-0.0309942220089718,-1.10503827944721,0.74657735425449,1.56397299954062,0.161363669225406,0.687185908408153,-0.0492636369855565,-0.858172252752023,0.0325085282074998,0.0337808219985835,-0.105277958680505,0.209122238734615,0.801335368329348,-0.066875006578122,0.157471502130779,0.425896392613272,-0.106180101084461,-0.0166697214194232,-0.0557154123972293,-0.3460728186796746,0.8628092660371164,0
-2.00972592544153,-1.5452136683311,0.790055020374761,-1.04469165635847,0.697307987125342,-0.214999588049087,-0.957811686586084,0.673052324988196,-1.72362193695213,-0.0202122519323818,0.410468658907949,0.0012439683480526,0.697117549488709,0.122451544172464,-0.164655904673832,0.941535285986696,0.423903112799703,-0.444290191435782,2.06997243086545,0.887474324127245,0.475884356179902,0.459348075470427,-0.234366267097417,0.277622774647494,0.596823676815992,0.0858173965975266,-0.0700682860828274,-0.269831212492124,0.006598364487592447,0.9771537918897687,0
-0.663292314730511,1.18233199860282,0.860025008223272,0.749269914712708,-0.26236194864812,-0.285139821330455,0.222996279266716,0.588165036434276,-0.715107655768961,-0.0895452389928419,0.622848664601396,0.0150663500662498,-1.19712058588253,1.00261464737092,0.519766847665406,0.261738939669403,-0.317876777859298,0.702432912266082,0.880003706599505,0.0214410347328178,-0.0712429464209719,-0.356928126047199,-0.0009546281634951,-0.0603721832551907,-0.0114485921270268,-0.470930500070923,0.167876382070373,0.0245778912223229,-0.24240244367086344,-0.25945172121725796,0
2.13117549237145,-0.850950717507843,-1.32890394658626,-0.966702998148453,-0.370611857475916,-0.473934654466247,-0.476870887938955,-0.0863437438807349,-0.54963940866378,0.909681972148847,0.911574370768987,0.0863703695611336,-0.432508308696786,0.132718159022678,-1.07024402572615,0.772412006844934,0.266128999569801,-1.43706293343731,1.11393136667649,-0.0154900775736212,0.0270098962153367,0.0208484104979106,0.252203431325537,0.697337887705692,-0.124043815207513,-0.378283895195428,-0.0429459166988098,-0.0618583755299485,-0.23728489334262284,0.44973703415394367,0
-0.293864360218066,0.179196069190243,-1.14424244857814,-1.71470132253154,3.37252713321442,3.550703201607,1.16461577588582,0.143916387627816,0.667928036103487,-0.835852120451341,0.43485961043649,-0.431435659778576,-0.613410991209596,-2.21197013669493,0.0647385826788199,-0.226177632662977,0.67556531141542,-0.0028809387537491,-0.204393558445087,0.0848531685411637,-0.381527303479142,-0.553111895708453,-0.241266378192671,0.57261273073542,0.144519715090075,-0.16850526551014,-0.723029393578509,-0.612412994111568,0.03810328369582352,1.6012895933164284,0
-0.358043218390211,0.64991830516922,1.73709532045674,-0.286616316393389,-0.652641349203033,0.879475486820145,-1.49440182375602,-2.36366612061665,0.0256737875486475,-1.26884232175614,0.577439348089976,1.30900838623241,0.446940382713909,0.261121160564541,0.26540295116947,0.733700245058669,-0.790052842281689,0.892569386476814,0.192420641858496,0.684009200278437,-1.23636549488078,0.527933158963226,-0.318486856676104,-0.327793138533042,1.3406408731227,-0.109588572856688,0.0539704528956157,0.171510556166607,-0.33139984234792236,1.5106562895834974,0
-0.339206269381184,1.15486185956517,1.30190782443116,0.0591586088898823,0.055260884192592,-0.979336316178571,0.727516379122045,-0.0887628404325683,-0.436657619470998,-0.518782792988169,-0.163705608144295,0.0684790469285283,0.394296697859681,-0.484451026593793,0.863337343388922,0.369115497153056,-0.0070421966156078,-0.173251191509257,-0.0929196833827479,0.129156462138984,-0.261174612501953,-0.666342200521709,-0.0205935231973084,0.341966359179349,-0.151752094711394,0.0709578204968804,0.247827217929967,0.0988124372189862,-0.3445135650640388,-0.3477475954161845,0
-1.65326772336857,-1.43742016853965,1.14022668194407,-0.333634808884045,-1.97396448186469,-0.676128854076763,0.187581482919513,0.382001053844486,0.937749775755893,-1.63588638319858,-0.359546542825579,0.384370563972188,-0.134495244944778,0.2876948895792,2.05355740783464,-1.04611390282062,0.832924979936353,0.718260988685796,2.23124155859866,1.07679405533864,0.58370579768878,0.911497504695762,0.731711337417734,0.770754143072613,-0.347486878278859,0.246383491177469,-0.017567771170236,-0.0134358388756195,1.0860816368508406,-0.36600481528989526,0
-0.586623215086864,-0.0103796669692862,2.79976984510242,0.189034723469002,-1.03745035973905,0.0493883714052416,-0.538862609270108,0.281209476238094,0.701028144398164,-0.671661370053499,-0.961329662754302,0.0055210886245528,-0.0028930201835764,-0.761841380866482,0.440634167006267,-0.0381932372265209,0.133104561730751,0.317493708939581,0.832492719056759,0.198076353145346,0.247161766850816,0.863642748616726,-0.10434930693311,0.49924207237548,-0.405396753508903,1.23396006540975,0.0912648324858334,0.130152800433544,-0.21737442409681185,-1.3045143600782947,0
0.872346160830842,-1.12704360780612,0.698677323477727,0.775079419214773,-1.47474021857989,-0.329215791955436,-0.456274049197568,-0.085910596227298,-0.44719856393443,0.598766563770838,-0.946817477993373,-0.0480291392655335,0.174684171693687,-0.186674815455013,0.353497588718184,-1.41519201515767,-0.047799951110527,1.48287324107911,-1.18341066661221,-0.10606469973466,-0.111618240765238,-0.182829925500207,-0.243493918079266,0.384961332911717,0.439992510068954,-0.245677776728756,0.035682400858047,0.0721583383370142,0.5583342592510304,-0.6347670958529527,0
1.69775747493091,-0.492214745034373,-0.424837498161122,1.66601727182573,-0.456605499456796,-0.196068116285532,-0.0543323641290062,-0.066341068140414,1.09226688246812,-0.0880212237780428,-1.23247040729974,1.00055495433117,0.317001956312924,-0.337744310924636,-1.2039414253877,-0.472470914972599,-0.0419388302574341,-0.987771520997557,0.124558554849134,-0.0214761625267146,-0.444415570396094,-1.22033741927823,0.324171053537505,-0.148781701019773,-0.352046955712974,-1.11227910629542,0.0383546203557022,-0.0093863750573394,0.15928527623408295,0.6461864046289701,0
-0.142699729183939,1.39941660408399,0.473930027468254,4.47368196869029,0.718834904258741,0.0299691184851686,0.942263959984283,-0.308685834984111,-2.10213917299348,1.88513613954121,-0.974589104998859,-0.603233432953206,0.701052707225906,0.347393296024866,0.786943902722227,-0.224899381130113,-0.0505786454280175,0.212560571103826,0.955383488868439,-0.0373748136326724,0.374927350377557,1.32291641850976,0.188816495729303,0.0844461976587461,-0.997071003746787,0.400051105465987,0.10446077283935,0.202650464617491,-0.2031812181083321,0.38011953830332335,0
1.24609106088348,-0.458775884510537,0.876885112749339,-0.711504653428464,-1.34326943773264,-0.858381735569876,-0.675774825137044,0.0534030739100133,2.05184201864671,-1.03519463623878,-0.702085628689674,-0.0687250606759231,-1.55982051898562,0.153359750915356,1.43926002558214,-0.369740874829446,-0.0598667938607768,0.375811896243863,0.568176211641481,-0.222950161553168,-0.0301502232804841,0.0889049607717668,-0.0180599222383125,0.36236049137312,0.449456228771228,-0.681166405429772,0.0837071553058982,0.0319795853972748,-0.3492313067728856,-0.2167041360458244,0
-0.227743349634316,1.21795042882867,-0.871576120327164,-0.679588662132364,0.782098750268972,-0.394467018630341,0.537733429697116,0.4738981534205,-0.473448607514362,-0.89717596074228,0.624334672309358,0.6886178639357,0.132347973402993,-0.540437932589651,-0.968475053492608,0.729155785168952,0.175074573761637,0.400518619036108,0.160023795226151,-0.0478470533735455,-0.260728713827082,-0.777917195525503,0.119522445540827,0.248190525928872,-0.382829851712743,0.114138398054194,0.0909636310916006,0.0091272202715215,-0.30929042569544546,0.5470456997092119,0
-1.2721170378153,1.82761538129723,-3.81060977838022,0.583759429066067,-0.641241659911406,-1.38904348579078,-1.95405395436729,1.17391997369635,-2.05319134425828,-3.34506130667145,2.37640423683332,-2.53805206931871,-0.0904541466730078,-2.42616754529086,-1.61864781114481,-3.51594398365266,-6.19900773693385,-2.41060577215255,0.760435151630973,-0.0272684521661314,0.858998001255691,0.858774883586953,0.0830791493463243,0.741676007542821,-0.173233871025323,0.534870071750152,0.183562195629891,0.0203162223012201,-0.3501908474594307,0.7148141780642913,0
2.28279798099866,-1.67172942450387,-2.02463588029783,-2.59641547523005,0.947897583770057,3.61138991737956,-1.90126263785767,0.89482878631059,-1.20006105259741,1.57306481865851,-0.242294393562135,-0.703820253153161,0.381612207357036,-0.367008332448495,0.336199008942048,-0.520223438961074,0.35210103687391,-0.127309551149892,-0.342627232419605,-0.373963682499483,-0.150738680475968,0.0082537001402102,0.306904099849476,0.683471752743074,-0.24007884839612,-0.154644828568861,0.048295036812675,-0.0524455367380134,-0.32924087580319583,0.9946739844329375,0
1.18540299556224,-0.0929124090359577,0.370787878115966,0.0604868399700854,-0.666740649969435,-0.918925127106569,-0.0802434126501282,-0.0999382182735635,-0.0473088154323329,0.0505003678448415,1.54534623901709,0.726262147902169,-0.36942879282843,0.521398849273748,0.374810530539654,0.386594454492526,-0.462509976605298,0.0885068455909085,0.159790664793902,-0.0340934071115607,0.0943554198850925,0.193791389919299,-0.0537863536768748,0.6199976469058,0.303038955826364,1.03835844164841,-0.0956182909298434,-0.0030398582912116,-0.22888891233535313,-1.0527037081177024,0
-1.1837347399556,1.04942337847404,2.47586280891258,2.98884050032075,-0.593067204124847,1.33797622925267,-0.589265272342815,1.05824456508892,-0.960276611076342,0.417804053955048,0.634178871062976,0.571121816795869,-0.442583278073788,0.0895599654758264,-0.536663171237197,-0.369433306693553,0.689103425563505,0.0693126798073115,1.13368660184643,0.228630372917315,-0.037978848341973,-0.0145894250012223,-0.0619506781806323,0.007084286600204,-0.0029034379686012,0.224523468677835,0.25286141876185,0.0570500826491392,-0.23328680714868488,-1.1466220479524776,0
2.26948549379637,-0.32670320525143,-2.22656816134284,-0.92752464104299,0.447808247868839,-0.715966834136263,-0.0941789947432626,-0.371291574861694,-0.712725479194454,0.241639464614668,-0.768856360699027,-0.162844224959602,1.63955219462012,-1.6156482831423,-0.256241783253908,1.19437341213713,0.963423595614951,-1.23613484624799,0.925608450423183,0.136882582341398,-0.0772192847168597,-0.137033960561569,0.0960035480240652,-0.0236641881084207,0.156244772525659,-0.273482522169242,-0.0219541393751558,-0.0329837315446907,-0.2932581000577542,0.7456429784046749,0
-0.699577003281231,1.46011566222015,1.92329831392993,2.31201244554112,0.818635068512372,-0.233087778838778,1.43402757542095,-0.826070328008545,-0.907384604171148,1.76380948125319,0.472881082973547,-0.171649486982256,0.367422722337474,-0.457722897688902,0.882311527773651,-0.808179489441268,-0.0598243902993426,-0.956369328884546,-0.357065279754228,0.279044639710148,-0.0058943142215746,0.495502994026334,-0.15121412511614,0.626688815753,-0.392862237859447,-0.0463446626270106,-0.665037744371325,-0.421598506749798,-0.34963111539227937,-0.600274216783589,0
-0.832052997420333,0.487186082338796,2.40482325420577,-1.03709418023068,-0.424606453922726,0.110235365894089,0.0061964292711621,0.27207585930553,1.70834379494562,-1.16572949734833,1.40910393502506,-1.94694553329293,1.20579477693407,1.04541539727112,-1.77975708525624,0.636233461557313,0.0151395999027666,0.607205890703653,-0.245685295487725,0.0582312259192845,-0.200513972432742,-0.201901009247487,-0.143272239855559,0.0025146908236304,-0.107120798146479,0.814049942090562,0.220157136854451,0.133419100206257,-0.2346061755926844,-1.5740347258956238,0
1.41791100820966,-1.60644394172535,-2.73759405898127,-1.75974282055531,0.753339569297934,0.75521090250267,0.401695452481829,0.0954870287639901,1.21293860564833,-0.917886323356307,1.10049483367822,1.10925579422146,-0.467717326524747,0.974465397947136,1.11372139625051,-1.42720196712831,0.254695873768506,-0.819251422666411,0.222641502346203,0.372928577183262,0.364115985760739,0.582882272339351,-0.243430685344808,-0.881256774682746,0.0547669608217896,-0.0618226992573741,-0.0596446124421051,-0.0352978968247759,0.9461086392010727,1.1627372737202337,0
-2.25673338352884,2.39539543867878,0.850741326635306,-0.387068495074085,-0.617005223915156,-1.21576427434419,0.647924864179605,-0.0034811775434438,1.11883304333688,2.15400797630961,0.0650310066388953,0.0948058757716151,-0.092453312367823,-0.390686425226456,0.955155609995857,-0.057437692108899,-0.344042164155464,-0.580307820373725,-0.349350463150315,1.09438956266755,-0.453509667310419,-0.715362691376423,0.11736959853421,0.658844244008793,0.177811774912099,0.0875041859438563,1.08665883468293,0.669553850146066,-0.32096483738174425,-0.6334404466579772,0
-1.55992478028417,0.382345035566599,0.30788821705394,-3.10083118261397,-0.932331019613361,-0.4018419000532,-0.60424654714884,0.735394566322657,-2.38092894469565,0.369294724490415,-1.76683680168109,-1.07262556980269,0.385508024616048,-0.0322240503719209,-0.789604089916855,-0.11910700423313,0.49814712509988,0.12466138239942,-0.58218887037965,-0.475958183817945,-0.141982405305599,-0.293094523444622,-0.357175707529853,0.45344116958144,0.841288578169088,-0.142246941920027,-0.233062061121364,-0.0540127029747502,-0.23328680714868488,1.2146239977903877,0
-2.10155758949242,-1.60398437923404,0.750595489944795,-2.20957638051275,0.840046490231156,1.08458672499915,-0.151102345119729,0.179148026014005,-0.483325726448827,0.0139286055074845,-0.524979965539679,-0.528372168043764,0.919908275655237,-0.889858525776359,0.794993804119019,0.926098364707553,0.224757921407022,-2.17228966350578,-1.09097279442191,-0.96591029380716,0.23303453591503,1.71284653104014,0.688659179314425,-0.485488513775982,-0.0344288949810919,-0.0598290809315802,0.260684475120464,-0.0694743177511915,0.10655051933604134,1.1511132998214006,0
1.25112604149364,0.240059396147238,0.143934967290157,0.807464819652725,0.0446077961891037,-0.11229717252993,-0.0407089992537427,0.03487761157084,-0.0860619870748408,0.179808384764644,0.523550312553308,0.422479770901141,-0.30660865772985,0.558567896044605,0.425136319612946,0.629403228826356,-1.00326512655905,0.647405696844507,0.231626005804901,-0.131586324647201,-0.0622640419651437,-0.199310964153412,-0.128163123430458,-0.526971501527404,0.608927031257134,-0.403026109727342,0.0152626325781772,0.0058265519931997,-0.34323417748197865,-0.5699508066127199,0
-0.329644047013567,1.1120052708929,0.479709006646084,0.493283198929415,1.00130569171711,-0.229682668381294,0.682916828626967,0.138881145931779,-0.779043554068488,-0.787628848298766,1.39526934539891,0.197879914562328,-0.392635724483099,-0.865409010344124,0.34080429027695,0.387355390458695,0.576203184275121,0.843645924899604,-0.393141247421278,-0.0769876350970276,0.159763052972742,0.479683147963645,-0.149837636382443,-0.427758773840658,-0.502044209676442,-0.449224745252622,0.216062955308852,0.20383985435009,-0.3492313067728856,-0.3301221132543668,0
1.16163895476461,-0.382529046468496,0.920812584552009,-0.900319173731815,-0.883643809337793,-0.0070502293451599,-0.692357516384426,0.201535060327108,1.42192823630569,-0.98152188298793,1.63252767131633,1.99266433780465,0.75477225365079,-0.103082692274344,0.725100873403571,-0.579953314019778,-0.169650305042678,0.124653144989806,0.482098109839351,-0.0886842197410764,0.077148659761143,0.514351067264537,-0.0297330056388443,0.0665380160643137,0.428067452799056,-0.677184433562832,0.112192177303186,0.0236107193793811,-0.3492313067728856,-0.3544229572385217,0
-1.74224995294876,-0.722600858098925,-0.377264356640017,0.134019325639091,-0.39982324056401,0.180856800891008,0.217285311742898,0.516018434836717,1.05964853736651,-1.33954096726849,-1.81723894712427,-0.56345026959572,-1.04250200525126,-1.45030043132028,-0.959105780925235,0.505211093437406,0.853620182037613,0.775105556864049,-0.177329955043821,-0.141830104986928,0.144314558546842,0.629589879719496,-0.47541240991825,0.494740152767934,-0.0718277138317585,0.720366366245364,0.372325355688051,-0.323683809246191,0.71365990788552,0.968330521846995,0
-0.627499075189668,0.738183344007552,1.10669382379572,-0.658895010666526,1.30542137074515,-0.573293237117665,1.15432548848889,-0.366871908206795,-0.360758433676578,-0.749332279026593,-0.64089020993045,0.0065547801983556,0.479682827827993,0.103567148419351,0.958243541218083,-0.669607112648889,-0.44697489043901,0.167529397247769,0.275836849279611,0.158934129771022,0.249014031137073,0.883590000753271,-0.629122063765611,0.722882029842447,1.07175170336016,-0.272167309234619,-0.121044674756009,-0.15829916239995,-0.3492313067728856,0.3841626596594392,0
1.16070026491914,0.174963118801637,0.224065121535466,1.09587037626789,-0.198798435949181,-0.515513077683475,0.0960321778910464,-0.0399008315244407,0.1368388615386,-0.0075681718163375,-0.352006760058272,-0.288731437010747,-1.07790239235712,0.632993978521571,1.29027364031273,-0.191356486986674,-0.0863548749171535,-0.466753661667804,-0.728669511813485,-0.201778738534406,0.055406592968248,0.143585550565036,-0.0747892625010488,0.0585615316651161,0.571371399578993,-0.297365210134427,0.019420231694181,0.0182575856509455,-0.2536770467377685,-0.6066758255974392,0
0.91555411380061,-1.08695126920227,-0.1778518538553,-0.466067189422802,-0.965350771084885,-1.18866096371667,0.259894536147714,-0.441472836074923,-1.21724548156793,0.487573086808061,-0.0154136182104624,-0.108413896953116,0.905950909255486,-0.0231978798445639,0.466131944207065,0.93516440338078,0.329517612048389,-1.95262095828433,0.708252395104382,0.654920293716909,-0.0343605041812055,-0.808230006085584,-0.115044011931126,0.395056556364359,0.275106101797642,-0.560721858630371,-0.0618760422866339,0.0623437447804867,0.7619967699702298,-0.7615357967061694,0
1.19095583315535,-0.408050946736323,0.253919905624043,-1.0266209353106,-0.804299505276765,-0.780577174384391,-0.303108731663332,0.05302021818579,1.27908897819147,-0.770486000058293,1.00537883776529,0.321011120974476,-1.71422430905108,0.823001450757566,1.3430785337925,0.0491534278942439,-0.570851610526898,0.765672387020443,0.947296540430208,-0.127464402120918,-0.144881372008401,-0.530316895109127,0.0047254293614821,-0.0579847940871961,0.353726272997512,-0.891818802635567,0.0400098447008087,0.0215566437504647,-0.1935058495190022,-0.922965840018588,0
1.3427840309231,-0.70086638102791,-0.0981823288031222,-0.737693887710769,-0.617371863897095,-0.161573852218301,-0.570960451981415,0.110678786477229,-0.723233003069595,0.756787978359023,0.824072579972653,-0.794119130161191,-1.86668661472063,0.370932886055386,-0.456144418838535,0.610055073671648,0.635286921898093,-1.28541943562576,0.878209906814247,-0.062869915250108,0.192896817811729,0.503040858306329,-0.174371434026944,-0.305900905672336,0.664155751122261,-0.027203346181774,-0.0106885793896852,-0.0153469244884146,-0.27326766908806444,-1.1720179039705805,0
2.0676115732494,0.186981720518178,-1.65248778187028,0.438475360489208,0.397454337113424,-0.931460933212326,0.212815006608351,-0.263963830964323,0.431680984595783,-0.38913569377511,-0.413457487438141,0.374627992040026,0.411073739090907,-0.910769302768112,0.157687509053394,0.269286415064344,0.490101397165328,-0.386014087022244,0.0115176198444144,-0.135482662893569,-0.353523436436148,-0.895924912984154,0.347972245256368,0.648644619620936,-0.25959661534249,0.164020100634446,-0.0602185732140486,-0.0285857488075892,-0.34531318230282637,1.1480388429568542,0
1.30073752556142,-2.30640536972552,-3.05961758646502,-0.866407259542091,1.45317704479822,3.60548252932588,-0.371366417758405,0.660158716452856,-0.644145560204219,0.752373288192738,-0.353097133732308,0.0085619051047045,0.173863290690065,0.387782330626789,0.373004905696354,-1.69811928919367,-0.135548476168905,0.944352470621457,-1.16144758579859,0.336650375230282,0.0358524334910178,-0.341757957597051,-0.20797586291103,0.739433831197974,-0.135035704033193,0.430839041612656,-0.0952033338632989,0.0103609499041942,1.4277181021228387,1.0819590782928352,0
1.08270163722947,-0.0503270701345136,-0.171448582447027,0.418641000315772,-0.107729681021417,-0.728101847699878,0.405705966753439,-0.154053742680303,-0.364011546987452,0.0845437834459276,1.11976729761525,0.617064695219775,-0.453881228997713,0.773675117048305,0.147137132774351,0.35273250880292,-0.589163382677208,-0.202755703486875,0.494680239854951,0.078106463584053,-0.302476280666715,-1.17644918718624,0.0172234661126791,-0.0174554998168946,0.249061794341094,0.133080329483581,-0.0888605826723482,0.0111836938655832,0.046379322117275114,-0.5422806948318019,0
2.22948762858726,-1.59779754099856,-1.12976848022766,-1.74733835415038,-1.06540867667261,0.0041130386715337,-1.32111455582416,0.0927357916491637,-1.18909648955546,1.75209016431604,0.112078849165636,-1.00245251965517,-1.03047625540952,0.0120010832585825,-0.600743932443519,-0.206374654255425,0.217987398490109,0.624845823657557,0.243977545510389,-0.438770418183864,-0.171208702044484,-0.158353587473902,0.237495208878622,0.202581637183527,-0.269004169415697,-0.222328295825162,-0.004678051388153,-0.0548101198562953,-0.19330594520930533,0.8144813310772937,0
-0.662880935432606,1.460177005092,-0.417145340535438,-0.301443650026878,1.36504239015573,0.230119985897329,0.739617072383119,0.0352007447558994,1.50365375110544,-0.825231282454708,1.06987056275561,-2.62334213055677,1.39531237054129,0.6026934211466,0.805680927375009,-1.02839208995708,2.05369071413934,-0.456200244003538,-1.4793924344506,-0.0215581443638418,0.220097564984487,1.23120220460248,-0.106017818309076,-1.16371134720516,-0.641914564132035,-0.103795113684732,0.338497632988756,0.342850054866491,-0.34963111539227937,0.3093649145712954,0
1.12480242563732,-0.619135876383776,-0.170934330463397,-0.0786175805436709,-0.308258765404339,-0.0121146385337181,-0.109621522595027,-0.0108459418381745,0.939061992402576,-0.37359444971493,-2.01701120013341,-0.581881651281814,-0.923165500690693,0.0307795807727626,0.188915424361845,0.271233560396494,-0.332098312020479,-0.2516334616609,0.98937116608904,0.132857827279942,-0.343406235230768,-1.14261655178243,-0.172774360291,-0.983124343460234,0.321783832975906,0.951071074300881,-0.100084391753278,0.0095550716937672,0.15452755366329682,-1.1575300524444985,0
-0.625861458176146,0.744602251481008,0.275808093478923,-0.507782086460304,0.979191354539852,-1.10585870737536,1.66657373823943,-1.5037787193559,1.25741415092091,1.4794719595917,-0.452397716162163,-0.535560738806415,-0.267907216447202,-0.793222054060021,0.809138308375244,-0.798885080566519,-0.973067270629439,0.0041364924882388,0.0635100224758355,-0.0575707861217814,0.211370091301801,1.31625709696739,-0.401117788375861,0.0851883511796145,-0.63476988339341,-0.432282615023807,-2.08903011970116,-1.20330697511815,-0.3392360912880407,0.8402141138750729,0
-1.21667394600181,0.325349600735021,3.09157875110933,1.52331374520619,-0.248967855728037,1.21717977124919,0.339808306897433,0.299901790385793,0.169708931961686,-0.0588815744982027,-0.383328892241556,0.0098252096101365,-1.32547308918512,-0.956134576132814,-2.94713740678264,0.547603846430842,-0.695056489924346,0.503462882310208,-0.867812811795391,-0.165990337588737,0.0561929664511747,0.502531638508655,-0.385492334246414,0.004967106653898,0.601822245819645,0.0683475245537191,-0.212696529538412,-0.165433359519583,-0.020468679045367498,-0.20840731409629493,0
0.805639758869619,-0.673806237801326,0.981770797986132,1.54795632796145,-1.22325013620376,-0.191964228591114,-0.401836241636708,0.0994346915473485,0.90295481386235,-0.127667856677781,-0.990498414661789,-0.399190344361488,-1.21470901668633,0.0464693998977289,0.758369193897142,0.388565836535722,-0.358832967261346,0.42396918023082,-0.515279227070715,0.164936928486679,0.218506501857078,0.311326072640981,-0.244789576104852,0.330400544009145,0.398686095819475,-0.254848042217441,0.0232809544956525,0.065341424119937,0.4223993286571398,-0.843135251159029,0
-0.441558210104539,-0.0016976422530525,2.60316564029127,-0.17338901840994,-1.38146808658915,0.158181476237488,-0.367788698542667,0.272285805162513,-1.23550374284597,0.411072882827005,1.00306077894922,0.296363998597148,0.313358480183632,-0.202194649995129,0.503619526275884,-0.697528189305212,-0.670552852853885,2.57372259042569,-1.18817645719826,-0.316230651227766,0.0707440753425998,0.556292228944095,0.0171833198094267,0.486375794520371,-0.238629629762837,-0.325708648775886,0.129903579442231,0.0845284248713112,-0.07880075661492228,-0.993257189428561,0
-0.510297177521729,0.92446730130278,1.38824019967717,-0.0444794037616883,-0.0693247895733236,-0.538770843825175,0.329358639016966,0.192285544379647,0.255967229194775,-1.02535479073161,-0.688571258291519,-0.976800187404462,-1.38273938967389,-1.19058855705087,0.872225433287139,0.630632488096314,0.700356704988447,0.443165665936409,-0.0120686350715412,0.0797048927434739,-0.349680724944113,-0.933098487961126,-0.147993976244826,-0.176234123522289,0.26167146056654,0.214400670067095,0.18960865904016,0.0348115481282735,-0.313248531027444,0.672866793994589,0
1.24435295332948,0.252432562392844,-0.31074482872021,0.8021917736704,0.672835587039852,0.57725683859933,0.139312066618613,0.0890284459747083,-0.141226324943701,0.0521901584199814,0.335142831628723,0.991703710221032,0.468819593990892,0.308072832986963,-0.390440399701793,-0.198469714516679,-0.522211150082158,-0.0660886004321282,0.292505695391479,-0.121223739956544,-0.0269932768443993,0.124083383035176,-0.28141365795289,-1.11794399454748,0.916262863863324,-0.193274701719228,0.0255346670459775,-0.0110963633445878,-0.3476720531572498,-0.7058375884409271,0
1.9295166199371,-0.88882723089199,-0.776189025373133,-1.94146019833484,-0.916462112378735,-1.12551737884688,-0.414029990865169,-0.260506962442673,2.32286808939188,-1.34782017940664,0.0226057838399153,1.73787101615188,1.54194363637192,-0.192847733291046,1.6732143851387,-0.758661462997617,-0.350802336231346,0.24362556054798,0.557147589067223,0.0512206869052948,0.316271028308101,1.08799942698848,0.081436845887092,1.22185066089243,0.030222520294325,-0.815056055504218,0.0702253505094161,-0.0108150403354609,-0.056331512204990955,1.469277469454499,0
1.0908362815541,0.0493302333950955,0.389105894424326,1.23553510986767,-0.0035523230319217,0.578477877565233,-0.199735999892098,0.3369113621271,0.201085034027023,0.036637968571677,1.19894377174944,0.699688924003427,-1.38236765738239,0.517689705622408,-0.41624612145096,-0.773139446250646,0.363323682585064,-0.802028953448996,-0.434357390031016,-0.30046774837888,-0.0391091291969676,0.0847696207210821,-0.0238986283462872,-0.310561359399296,0.521930520500635,-0.295465984367618,0.0467756245425752,-0.0013793431479666,-0.3492313067728856,-0.4494363091072449,0
-0.617860695662226,-0.519356591692998,1.96091146425949,0.183415694671373,-0.402852168767469,0.480265653127461,-0.739815861435958,0.339270827528384,-1.55269391470034,0.804637149542148,0.697592851776967,-0.221185016153545,-0.261566030288466,0.184298222832937,1.21844657615815,-1.95177341434884,0.593635128695939,2.06672095722883,2.30169486255186,0.161789918287008,-0.447435241190662,-1.04837954258362,0.190480587861715,0.725374862928832,-0.321307516893539,0.792887678399848,0.052294317131812,0.0998381913646537,-0.12261978130048228,0.4929478936474322,0
